id_client,age,region,type_contrat,anciennete_contrat,nombre_sinistres,montant_total_sinistres
1,52,Auvergne-Rhône-Alpes,Tiers,2,0,0
2,21,Auvergne-Rhône-Alpes,Tiers,3,0,0
3,18,Nouvelle-Aquitaine,Tiers,12,0,0
4,41,Provence-Alpes-Côte d'Azur,Tous risques,13,0,0
5,35,Bretagne,Tiers,8,2,10849
6,35,Nouvelle-Aquitaine,Tiers,3,3,7444
7,19,Auvergne-Rhône-Alpes,Tous risques,19,0,0
8,54,Bretagne,Tiers,1,1,1574
9,77,Auvergne-Rhône-Alpes,Tiers,7,1,5807
10,33,Provence-Alpes-Côte d'Azur,Tous risques,3,0,0
11,22,Nouvelle-Aquitaine,Tous risques,19,1,5407
12,65,Auvergne-Rhône-Alpes,Tiers,8,0,0
13,53,Provence-Alpes-Côte d'Azur,Tous risques,18,0,0
14,36,Nouvelle-Aquitaine,Tous risques,10,0,0
15,29,Auvergne-Rhône-Alpes,Tiers,15,0,0
16,77,Provence-Alpes-Côte d'Azur,Tiers,5,1,4190
17,53,Île-de-France,Tous risques,7,2,7721
18,69,Auvergne-Rhône-Alpes,Tous risques,1,0,0
19,33,Nouvelle-Aquitaine,Tiers,15,1,4875
20,57,Île-de-France,Tous risques,5,0,0
21,27,Bretagne,Tiers,7,2,2972
22,36,Nouvelle-Aquitaine,Tiers,19,1,4329
23,73,Nouvelle-Aquitaine,Tiers,13,0,0
24,25,Auvergne-Rhône-Alpes,Tiers,18,2,6461
25,43,Bretagne,Tiers,11,1,1599
26,53,Île-de-France,Tous risques,12,1,2329
27,63,Provence-Alpes-Côte d'Azur,Tous risques,5,0,0
28,49,Nouvelle-Aquitaine,Tiers,12,0,0
29,46,Bretagne,Tiers,8,1,1793
30,18,Provence-Alpes-Côte d'Azur,Tiers,8,3,3416
31,30,Provence-Alpes-Côte d'Azur,Tous risques,18,2,4298
32,49,Bretagne,Tous risques,6,1,4750
33,51,Nouvelle-Aquitaine,Tiers,2,1,2761
34,19,Auvergne-Rhône-Alpes,Tiers,17,3,16904
35,78,Auvergne-Rhône-Alpes,Tiers,6,3,9795
36,73,Bretagne,Tiers,7,0,0
37,24,Nouvelle-Aquitaine,Tiers,10,3,12109
38,51,Nouvelle-Aquitaine,Tous risques,7,0,0
39,35,Île-de-France,Tiers,15,1,5494
40,24,Bretagne,Tiers,19,1,5339
41,64,Nouvelle-Aquitaine,Tous risques,7,3,11487
42,19,Nouvelle-Aquitaine,Tiers,6,1,4037
43,72,Provence-Alpes-Côte d'Azur,Tiers,13,2,7052
44,65,Île-de-France,Tous risques,12,0,0
45,43,Provence-Alpes-Côte d'Azur,Tiers,0,2,3634
46,28,Île-de-France,Tous risques,13,0,0
47,53,Provence-Alpes-Côte d'Azur,Tiers,3,0,0
48,18,Provence-Alpes-Côte d'Azur,Tous risques,9,1,4260
49,76,Auvergne-Rhône-Alpes,Tous risques,12,2,7569
50,45,Bretagne,Tous risques,8,4,6788
51,51,Auvergne-Rhône-Alpes,Tiers,3,3,6709
52,51,Auvergne-Rhône-Alpes,Tiers,1,1,4591
53,21,Nouvelle-Aquitaine,Tiers,15,1,4609
54,22,Bretagne,Tiers,11,2,11961
55,19,Auvergne-Rhône-Alpes,Tiers,4,1,4344
56,28,Nouvelle-Aquitaine,Tous risques,3,2,4048
57,59,Bretagne,Tiers,6,0,0
58,74,Provence-Alpes-Côte d'Azur,Tous risques,7,1,4056
59,63,Provence-Alpes-Côte d'Azur,Tiers,16,1,2249
60,25,Île-de-France,Tiers,13,2,7074
61,23,Auvergne-Rhône-Alpes,Tous risques,17,1,1559
62,78,Auvergne-Rhône-Alpes,Tous risques,18,0,0
63,37,Auvergne-Rhône-Alpes,Tous risques,19,0,0
64,60,Bretagne,Tiers,15,3,14156
65,74,Provence-Alpes-Côte d'Azur,Tiers,3,1,4256
66,59,Île-de-France,Tous risques,9,1,1339
67,18,Provence-Alpes-Côte d'Azur,Tiers,9,0,0
68,64,Île-de-France,Tiers,0,0,0
69,45,Provence-Alpes-Côte d'Azur,Tous risques,10,2,6610
70,39,Île-de-France,Tiers,17,0,0
71,20,Nouvelle-Aquitaine,Tiers,19,0,0
72,61,Île-de-France,Tous risques,0,1,4602
73,54,Auvergne-Rhône-Alpes,Tous risques,10,1,2111
74,72,Auvergne-Rhône-Alpes,Tiers,14,2,7027
75,63,Bretagne,Tiers,1,2,2362
76,50,Bretagne,Tous risques,7,3,12141
77,74,Provence-Alpes-Côte d'Azur,Tiers,9,0,0
78,40,Provence-Alpes-Côte d'Azur,Tous risques,19,1,1490
79,52,Nouvelle-Aquitaine,Tiers,4,1,3615
80,29,Nouvelle-Aquitaine,Tous risques,2,2,7388
81,48,Auvergne-Rhône-Alpes,Tous risques,3,1,3311
82,39,Île-de-France,Tiers,8,0,0
83,57,Île-de-France,Tiers,0,0,0
84,22,Bretagne,Tiers,11,1,1191
85,21,Auvergne-Rhône-Alpes,Tous risques,11,0,0
86,61,Auvergne-Rhône-Alpes,Tous risques,7,0,0
87,25,Bretagne,Tous risques,7,1,2546
88,26,Nouvelle-Aquitaine,Tous risques,17,3,17221
89,21,Provence-Alpes-Côte d'Azur,Tous risques,4,0,0
90,24,Nouvelle-Aquitaine,Tiers,17,2,11501
91,59,Bretagne,Tiers,0,1,1017
92,41,Bretagne,Tiers,18,0,0
93,73,Nouvelle-Aquitaine,Tous risques,2,3,9395
94,60,Provence-Alpes-Côte d'Azur,Tiers,1,0,0
95,28,Auvergne-Rhône-Alpes,Tiers,11,0,0
96,59,Auvergne-Rhône-Alpes,Tiers,9,1,4699
97,29,Île-de-France,Tiers,2,1,5190
98,34,Île-de-France,Tiers,19,0,0
99,45,Nouvelle-Aquitaine,Tiers,5,2,3248
100,60,Provence-Alpes-Côte d'Azur,Tous risques,12,0,0
101,19,Nouvelle-Aquitaine,Tiers,2,1,5772
102,24,Auvergne-Rhône-Alpes,Tous risques,1,3,12335
103,50,Bretagne,Tiers,4,1,2377
104,44,Nouvelle-Aquitaine,Tous risques,5,0,0
105,66,Nouvelle-Aquitaine,Tous risques,0,0,0
106,52,Bretagne,Tous risques,3,1,1930
107,50,Auvergne-Rhône-Alpes,Tiers,13,0,0
108,60,Nouvelle-Aquitaine,Tiers,19,1,4741
109,42,Île-de-France,Tiers,5,3,4945
110,40,Bretagne,Tiers,8,0,0
111,62,Auvergne-Rhône-Alpes,Tiers,18,0,0
112,29,Nouvelle-Aquitaine,Tous risques,17,1,1539
113,49,Nouvelle-Aquitaine,Tous risques,9,1,2144
114,30,Provence-Alpes-Côte d'Azur,Tous risques,18,5,24712
115,39,Nouvelle-Aquitaine,Tous risques,4,1,4966
116,60,Île-de-France,Tous risques,2,1,2509
117,30,Provence-Alpes-Côte d'Azur,Tiers,9,0,0
118,53,Provence-Alpes-Côte d'Azur,Tiers,0,0,0
119,54,Provence-Alpes-Côte d'Azur,Tiers,15,2,6365
120,71,Nouvelle-Aquitaine,Tiers,7,1,2839
121,56,Auvergne-Rhône-Alpes,Tous risques,17,2,4574
122,70,Bretagne,Tiers,9,1,3419
123,70,Provence-Alpes-Côte d'Azur,Tous risques,11,0,0
124,61,Île-de-France,Tous risques,4,1,3136
125,68,Provence-Alpes-Côte d'Azur,Tous risques,9,1,2005
126,68,Nouvelle-Aquitaine,Tous risques,17,0,0
127,63,Provence-Alpes-Côte d'Azur,Tiers,14,0,0
128,53,Provence-Alpes-Côte d'Azur,Tiers,12,0,0
129,50,Nouvelle-Aquitaine,Tiers,8,1,1591
130,41,Provence-Alpes-Côte d'Azur,Tous risques,15,2,6468
131,56,Île-de-France,Tiers,13,0,0
132,46,Auvergne-Rhône-Alpes,Tiers,13,1,3586
133,61,Auvergne-Rhône-Alpes,Tiers,0,2,10311
134,34,Provence-Alpes-Côte d'Azur,Tiers,13,0,0
135,31,Provence-Alpes-Côte d'Azur,Tous risques,2,1,5698
136,20,Auvergne-Rhône-Alpes,Tous risques,11,1,3021
137,43,Île-de-France,Tiers,9,1,4136
138,58,Provence-Alpes-Côte d'Azur,Tiers,1,2,9291
139,55,Auvergne-Rhône-Alpes,Tous risques,3,2,11832
140,60,Auvergne-Rhône-Alpes,Tiers,5,1,3584
141,66,Nouvelle-Aquitaine,Tous risques,0,2,6200
142,30,Île-de-France,Tiers,15,1,2376
143,39,Bretagne,Tous risques,12,0,0
144,70,Auvergne-Rhône-Alpes,Tous risques,2,0,0
145,38,Auvergne-Rhône-Alpes,Tiers,9,1,3409
146,33,Île-de-France,Tous risques,18,1,4994
147,40,Provence-Alpes-Côte d'Azur,Tiers,12,1,4692
148,71,Nouvelle-Aquitaine,Tous risques,15,1,4473
149,46,Bretagne,Tous risques,16,2,10152
150,53,Nouvelle-Aquitaine,Tous risques,17,0,0
151,38,Auvergne-Rhône-Alpes,Tous risques,18,2,8164
152,59,Provence-Alpes-Côte d'Azur,Tiers,16,1,4812
153,26,Île-de-France,Tous risques,16,4,5732
154,79,Bretagne,Tiers,1,1,5662
155,77,Auvergne-Rhône-Alpes,Tiers,6,0,0
156,57,Bretagne,Tous risques,15,1,1913
157,70,Auvergne-Rhône-Alpes,Tous risques,3,2,5673
158,27,Île-de-France,Tiers,8,2,8333
159,51,Bretagne,Tiers,8,1,4178
160,71,Nouvelle-Aquitaine,Tiers,8,1,5100
161,38,Provence-Alpes-Côte d'Azur,Tous risques,4,1,1188
162,38,Île-de-France,Tous risques,16,3,7893
163,52,Nouvelle-Aquitaine,Tous risques,12,2,2656
164,76,Provence-Alpes-Côte d'Azur,Tiers,5,1,4135
165,45,Provence-Alpes-Côte d'Azur,Tous risques,15,1,3858
166,35,Nouvelle-Aquitaine,Tiers,19,2,3821
167,24,Provence-Alpes-Côte d'Azur,Tiers,14,3,13724
168,28,Provence-Alpes-Côte d'Azur,Tous risques,12,0,0
169,75,Nouvelle-Aquitaine,Tous risques,9,1,3006
170,74,Île-de-France,Tiers,0,1,3688
171,72,Nouvelle-Aquitaine,Tous risques,19,3,13074
172,19,Nouvelle-Aquitaine,Tous risques,7,1,4592
173,68,Provence-Alpes-Côte d'Azur,Tiers,11,0,0
174,63,Île-de-France,Tiers,13,2,5384
175,70,Provence-Alpes-Côte d'Azur,Tiers,7,2,3486
176,33,Bretagne,Tous risques,15,5,14395
177,21,Bretagne,Tiers,5,3,14797
178,26,Île-de-France,Tiers,4,3,11397
179,55,Bretagne,Tiers,9,3,14903
180,67,Provence-Alpes-Côte d'Azur,Tous risques,6,2,11362
181,79,Île-de-France,Tous risques,14,1,5731
182,47,Bretagne,Tiers,7,1,2317
183,35,Provence-Alpes-Côte d'Azur,Tiers,13,0,0
184,76,Bretagne,Tous risques,15,0,0
185,38,Auvergne-Rhône-Alpes,Tous risques,11,2,8584
186,52,Bretagne,Tiers,3,0,0
187,48,Bretagne,Tiers,10,4,12068
188,50,Auvergne-Rhône-Alpes,Tiers,3,4,7054
189,70,Île-de-France,Tous risques,14,0,0
190,79,Provence-Alpes-Côte d'Azur,Tous risques,7,1,5212
191,37,Provence-Alpes-Côte d'Azur,Tiers,19,1,2887
192,58,Provence-Alpes-Côte d'Azur,Tiers,6,0,0
193,72,Bretagne,Tiers,10,0,0
194,20,Nouvelle-Aquitaine,Tous risques,4,2,11329
195,24,Auvergne-Rhône-Alpes,Tous risques,13,1,3381
196,50,Nouvelle-Aquitaine,Tiers,9,1,3707
197,35,Auvergne-Rhône-Alpes,Tiers,11,1,3719
198,67,Bretagne,Tous risques,6,0,0
199,49,Provence-Alpes-Côte d'Azur,Tiers,19,0,0
200,42,Auvergne-Rhône-Alpes,Tous risques,0,1,1319
201,37,Auvergne-Rhône-Alpes,Tiers,12,0,0
202,71,Bretagne,Tous risques,17,1,3986
203,77,Bretagne,Tiers,3,1,4428
204,55,Île-de-France,Tous risques,19,2,4491
205,50,Auvergne-Rhône-Alpes,Tous risques,13,1,4412
206,56,Nouvelle-Aquitaine,Tiers,13,0,0
207,46,Île-de-France,Tiers,10,0,0
208,46,Bretagne,Tiers,10,0,0
209,65,Île-de-France,Tiers,4,1,5710
210,20,Bretagne,Tous risques,16,0,0
211,39,Île-de-France,Tous risques,10,1,2862
212,76,Nouvelle-Aquitaine,Tiers,5,4,20411
213,77,Provence-Alpes-Côte d'Azur,Tous risques,14,1,5633
214,64,Provence-Alpes-Côte d'Azur,Tous risques,8,1,3820
215,49,Nouvelle-Aquitaine,Tiers,5,0,0
216,34,Nouvelle-Aquitaine,Tous risques,6,0,0
217,25,Provence-Alpes-Côte d'Azur,Tiers,9,1,5806
218,34,Nouvelle-Aquitaine,Tous risques,19,3,13380
219,25,Île-de-France,Tous risques,12,2,10353
220,28,Auvergne-Rhône-Alpes,Tous risques,10,0,0
221,19,Provence-Alpes-Côte d'Azur,Tiers,4,0,0
222,38,Auvergne-Rhône-Alpes,Tous risques,18,2,6137
223,77,Nouvelle-Aquitaine,Tiers,2,0,0
224,40,Nouvelle-Aquitaine,Tous risques,4,0,0
225,40,Provence-Alpes-Côte d'Azur,Tous risques,13,2,2827
226,74,Auvergne-Rhône-Alpes,Tiers,1,3,13333
227,66,Bretagne,Tous risques,5,0,0
228,40,Île-de-France,Tous risques,4,1,5465
229,56,Auvergne-Rhône-Alpes,Tous risques,7,1,5179
230,63,Auvergne-Rhône-Alpes,Tous risques,0,1,1599
231,72,Provence-Alpes-Côte d'Azur,Tiers,16,3,13000
232,65,Nouvelle-Aquitaine,Tous risques,14,0,0
233,74,Bretagne,Tous risques,3,1,1442
234,71,Auvergne-Rhône-Alpes,Tous risques,18,0,0
235,26,Provence-Alpes-Côte d'Azur,Tiers,3,2,3485
236,23,Île-de-France,Tous risques,1,3,15460
237,54,Auvergne-Rhône-Alpes,Tous risques,8,0,0
238,79,Provence-Alpes-Côte d'Azur,Tiers,6,3,4796
239,49,Provence-Alpes-Côte d'Azur,Tiers,1,1,1076
240,23,Auvergne-Rhône-Alpes,Tous risques,19,0,0
241,21,Nouvelle-Aquitaine,Tiers,16,1,3172
242,72,Nouvelle-Aquitaine,Tiers,17,1,4332
243,55,Auvergne-Rhône-Alpes,Tous risques,5,3,13103
244,73,Bretagne,Tous risques,1,0,0
245,64,Provence-Alpes-Côte d'Azur,Tiers,2,2,9406
246,67,Île-de-France,Tous risques,10,1,3346
247,74,Bretagne,Tous risques,12,1,5646
248,49,Provence-Alpes-Côte d'Azur,Tiers,9,3,17282
249,57,Nouvelle-Aquitaine,Tous risques,15,1,2841
250,67,Provence-Alpes-Côte d'Azur,Tous risques,18,0,0
251,45,Île-de-France,Tous risques,2,0,0
252,72,Provence-Alpes-Côte d'Azur,Tiers,17,0,0
253,46,Auvergne-Rhône-Alpes,Tous risques,14,0,0
254,68,Nouvelle-Aquitaine,Tiers,8,1,1925
255,51,Île-de-France,Tous risques,12,1,1757
256,19,Provence-Alpes-Côte d'Azur,Tous risques,1,0,0
257,20,Bretagne,Tous risques,13,1,2516
258,73,Bretagne,Tous risques,3,1,1773
259,29,Île-de-France,Tous risques,8,4,21006
260,68,Auvergne-Rhône-Alpes,Tiers,13,2,2807
261,25,Bretagne,Tous risques,15,2,10785
262,51,Île-de-France,Tous risques,17,1,2033
263,53,Bretagne,Tous risques,4,1,2944
264,76,Auvergne-Rhône-Alpes,Tous risques,18,0,0
265,36,Provence-Alpes-Côte d'Azur,Tiers,18,1,1935
266,20,Auvergne-Rhône-Alpes,Tiers,7,2,9342
267,69,Auvergne-Rhône-Alpes,Tiers,5,0,0
268,59,Auvergne-Rhône-Alpes,Tiers,5,1,3191
269,27,Bretagne,Tiers,7,1,4989
270,50,Nouvelle-Aquitaine,Tiers,4,1,2969
271,27,Auvergne-Rhône-Alpes,Tous risques,7,3,5040
272,39,Île-de-France,Tiers,2,0,0
273,52,Nouvelle-Aquitaine,Tous risques,2,2,9123
274,79,Auvergne-Rhône-Alpes,Tiers,11,3,13011
275,51,Île-de-France,Tiers,6,1,5087
276,50,Provence-Alpes-Côte d'Azur,Tiers,9,2,9695
277,73,Provence-Alpes-Côte d'Azur,Tous risques,9,2,11160
278,53,Bretagne,Tiers,4,1,2998
279,41,Île-de-France,Tous risques,8,0,0
280,47,Bretagne,Tiers,4,1,5665
281,66,Nouvelle-Aquitaine,Tiers,1,1,5145
282,52,Auvergne-Rhône-Alpes,Tiers,6,2,7513
283,61,Provence-Alpes-Côte d'Azur,Tous risques,15,1,2071
284,57,Auvergne-Rhône-Alpes,Tous risques,0,1,4588
285,23,Nouvelle-Aquitaine,Tiers,4,1,5759
286,22,Auvergne-Rhône-Alpes,Tiers,19,0,0
287,66,Provence-Alpes-Côte d'Azur,Tous risques,2,2,2201
288,23,Nouvelle-Aquitaine,Tous risques,12,1,4090
289,44,Nouvelle-Aquitaine,Tiers,0,2,9797
290,20,Île-de-France,Tiers,7,2,2375
291,34,Île-de-France,Tous risques,11,1,2896
292,51,Nouvelle-Aquitaine,Tiers,13,0,0
293,47,Nouvelle-Aquitaine,Tous risques,1,2,2199
294,42,Bretagne,Tous risques,1,1,2312
295,54,Nouvelle-Aquitaine,Tiers,8,0,0
296,32,Provence-Alpes-Côte d'Azur,Tiers,1,0,0
297,29,Provence-Alpes-Côte d'Azur,Tiers,5,0,0
298,34,Provence-Alpes-Côte d'Azur,Tous risques,10,0,0
299,19,Auvergne-Rhône-Alpes,Tous risques,12,1,4496
300,71,Auvergne-Rhône-Alpes,Tiers,14,1,4973
301,53,Auvergne-Rhône-Alpes,Tous risques,5,2,10571
302,40,Bretagne,Tous risques,1,1,5419
303,20,Auvergne-Rhône-Alpes,Tiers,19,1,4791
304,38,Nouvelle-Aquitaine,Tiers,15,2,9314
305,64,Auvergne-Rhône-Alpes,Tiers,16,3,17362
306,51,Auvergne-Rhône-Alpes,Tous risques,14,2,2021
307,25,Auvergne-Rhône-Alpes,Tous risques,14,1,5454
308,61,Nouvelle-Aquitaine,Tiers,12,1,4372
309,51,Nouvelle-Aquitaine,Tous risques,14,0,0
310,56,Provence-Alpes-Côte d'Azur,Tous risques,13,2,11226
311,31,Île-de-France,Tous risques,6,0,0
312,50,Provence-Alpes-Côte d'Azur,Tiers,5,2,4454
313,56,Auvergne-Rhône-Alpes,Tiers,2,1,5890
314,73,Nouvelle-Aquitaine,Tous risques,2,3,12754
315,48,Provence-Alpes-Côte d'Azur,Tiers,18,0,0
316,58,Nouvelle-Aquitaine,Tous risques,0,2,2609
317,27,Bretagne,Tous risques,15,0,0
318,27,Auvergne-Rhône-Alpes,Tiers,0,1,5888
319,34,Nouvelle-Aquitaine,Tous risques,19,0,0
320,66,Bretagne,Tous risques,2,0,0
321,57,Nouvelle-Aquitaine,Tous risques,6,1,2744
322,46,Auvergne-Rhône-Alpes,Tous risques,1,1,2204
323,79,Provence-Alpes-Côte d'Azur,Tous risques,19,1,3454
324,66,Auvergne-Rhône-Alpes,Tiers,13,2,4762
325,20,Nouvelle-Aquitaine,Tiers,2,0,0
326,46,Île-de-France,Tous risques,11,1,2141
327,39,Auvergne-Rhône-Alpes,Tous risques,19,2,9115
328,18,Bretagne,Tous risques,9,1,4447
329,63,Auvergne-Rhône-Alpes,Tous risques,16,2,10184
330,29,Nouvelle-Aquitaine,Tiers,15,1,1654
331,53,Provence-Alpes-Côte d'Azur,Tiers,13,1,2877
332,63,Provence-Alpes-Côte d'Azur,Tiers,4,2,2115
333,73,Bretagne,Tiers,16,1,1419
334,30,Nouvelle-Aquitaine,Tiers,11,2,7365
335,59,Provence-Alpes-Côte d'Azur,Tiers,5,0,0
336,41,Île-de-France,Tous risques,5,3,13265
337,67,Auvergne-Rhône-Alpes,Tiers,12,2,3600
338,74,Auvergne-Rhône-Alpes,Tiers,18,1,5745
339,31,Nouvelle-Aquitaine,Tiers,2,0,0
340,28,Nouvelle-Aquitaine,Tous risques,5,1,4536
341,77,Bretagne,Tous risques,5,3,7424
342,71,Île-de-France,Tiers,1,0,0
343,71,Auvergne-Rhône-Alpes,Tiers,11,1,5263
344,63,Île-de-France,Tiers,16,1,5613
345,23,Nouvelle-Aquitaine,Tiers,15,2,5400
346,27,Auvergne-Rhône-Alpes,Tiers,6,2,11092
347,29,Nouvelle-Aquitaine,Tous risques,19,0,0
348,75,Bretagne,Tous risques,1,0,0
349,61,Nouvelle-Aquitaine,Tous risques,16,0,0
350,31,Bretagne,Tiers,14,0,0
351,49,Provence-Alpes-Côte d'Azur,Tiers,8,2,2839
352,39,Île-de-France,Tiers,1,0,0
353,48,Provence-Alpes-Côte d'Azur,Tiers,4,0,0
354,29,Provence-Alpes-Côte d'Azur,Tous risques,16,0,0
355,19,Nouvelle-Aquitaine,Tous risques,12,1,2773
356,45,Provence-Alpes-Côte d'Azur,Tiers,6,1,3643
357,20,Nouvelle-Aquitaine,Tous risques,4,0,0
358,45,Auvergne-Rhône-Alpes,Tous risques,6,0,0
359,56,Bretagne,Tiers,1,0,0
360,74,Provence-Alpes-Côte d'Azur,Tiers,4,1,2306
361,27,Auvergne-Rhône-Alpes,Tiers,1,0,0
362,70,Île-de-France,Tiers,19,0,0
363,20,Provence-Alpes-Côte d'Azur,Tiers,3,2,3564
364,29,Provence-Alpes-Côte d'Azur,Tous risques,1,2,10532
365,40,Bretagne,Tiers,4,1,4585
366,51,Nouvelle-Aquitaine,Tiers,19,0,0
367,34,Bretagne,Tiers,5,1,2262
368,31,Provence-Alpes-Côte d'Azur,Tiers,16,1,1988
369,57,Île-de-France,Tiers,18,2,9220
370,20,Bretagne,Tous risques,18,0,0
371,57,Provence-Alpes-Côte d'Azur,Tous risques,12,0,0
372,73,Nouvelle-Aquitaine,Tiers,15,0,0
373,29,Nouvelle-Aquitaine,Tiers,1,0,0
374,75,Bretagne,Tous risques,5,1,2708
375,60,Bretagne,Tiers,10,1,4228
376,53,Bretagne,Tiers,12,0,0
377,76,Île-de-France,Tiers,15,0,0
378,32,Provence-Alpes-Côte d'Azur,Tiers,4,3,10976
379,40,Île-de-France,Tiers,19,0,0
380,56,Nouvelle-Aquitaine,Tiers,9,3,8000
381,24,Auvergne-Rhône-Alpes,Tous risques,15,0,0
382,36,Provence-Alpes-Côte d'Azur,Tous risques,4,0,0
383,75,Nouvelle-Aquitaine,Tous risques,19,0,0
384,44,Bretagne,Tous risques,1,1,5818
385,40,Nouvelle-Aquitaine,Tiers,12,4,16531
386,54,Provence-Alpes-Côte d'Azur,Tous risques,18,0,0
387,22,Bretagne,Tiers,2,0,0
388,59,Île-de-France,Tous risques,14,0,0
389,44,Nouvelle-Aquitaine,Tous risques,16,1,5289
390,68,Bretagne,Tiers,15,0,0
391,46,Nouvelle-Aquitaine,Tiers,17,0,0
392,41,Auvergne-Rhône-Alpes,Tous risques,0,2,2376
393,37,Nouvelle-Aquitaine,Tiers,17,1,5168
394,63,Nouvelle-Aquitaine,Tous risques,13,1,3807
395,71,Bretagne,Tous risques,4,1,5192
396,54,Bretagne,Tiers,14,1,1949
397,73,Île-de-France,Tous risques,6,0,0
398,73,Île-de-France,Tous risques,16,0,0
399,74,Nouvelle-Aquitaine,Tiers,6,1,4003
400,24,Bretagne,Tous risques,11,0,0
401,72,Île-de-France,Tiers,10,0,0
402,44,Bretagne,Tous risques,0,0,0
403,52,Auvergne-Rhône-Alpes,Tous risques,11,0,0
404,78,Provence-Alpes-Côte d'Azur,Tous risques,1,2,8359
405,62,Nouvelle-Aquitaine,Tous risques,1,0,0
406,38,Nouvelle-Aquitaine,Tiers,17,1,2374
407,48,Nouvelle-Aquitaine,Tiers,16,0,0
408,57,Nouvelle-Aquitaine,Tous risques,17,2,2683
409,78,Nouvelle-Aquitaine,Tous risques,12,1,4231
410,56,Nouvelle-Aquitaine,Tiers,3,2,4602
411,75,Provence-Alpes-Côte d'Azur,Tiers,0,0,0
412,79,Nouvelle-Aquitaine,Tiers,16,0,0
413,65,Auvergne-Rhône-Alpes,Tous risques,16,0,0
414,47,Bretagne,Tiers,14,2,4310
415,77,Auvergne-Rhône-Alpes,Tiers,4,0,0
416,34,Île-de-France,Tiers,14,1,3670
417,58,Bretagne,Tiers,6,0,0
418,25,Provence-Alpes-Côte d'Azur,Tous risques,6,1,1825
419,68,Île-de-France,Tiers,6,1,1286
420,50,Bretagne,Tiers,9,0,0
421,19,Île-de-France,Tous risques,6,0,0
422,78,Nouvelle-Aquitaine,Tiers,14,3,8221
423,66,Bretagne,Tous risques,4,0,0
424,61,Auvergne-Rhône-Alpes,Tous risques,1,0,0
425,51,Nouvelle-Aquitaine,Tiers,1,2,5560
426,52,Bretagne,Tous risques,17,1,1977
427,45,Bretagne,Tiers,9,1,1578
428,21,Provence-Alpes-Côte d'Azur,Tous risques,5,0,0
429,21,Bretagne,Tiers,4,1,5269
430,38,Provence-Alpes-Côte d'Azur,Tiers,0,2,5652
431,62,Auvergne-Rhône-Alpes,Tous risques,16,0,0
432,74,Nouvelle-Aquitaine,Tous risques,13,3,16031
433,41,Auvergne-Rhône-Alpes,Tous risques,5,1,3214
434,51,Provence-Alpes-Côte d'Azur,Tous risques,8,2,3551
435,25,Provence-Alpes-Côte d'Azur,Tous risques,17,1,5670
436,52,Bretagne,Tiers,0,2,9254
437,32,Nouvelle-Aquitaine,Tiers,12,1,2306
438,69,Île-de-France,Tous risques,1,1,3830
439,69,Auvergne-Rhône-Alpes,Tous risques,16,1,2798
440,61,Auvergne-Rhône-Alpes,Tiers,6,1,4690
441,48,Nouvelle-Aquitaine,Tiers,3,1,1737
442,44,Nouvelle-Aquitaine,Tiers,4,0,0
443,56,Bretagne,Tiers,13,0,0
444,57,Auvergne-Rhône-Alpes,Tous risques,11,1,1636
445,41,Bretagne,Tiers,16,2,4523
446,60,Île-de-France,Tous risques,5,1,4139
447,45,Bretagne,Tiers,9,2,5677
448,51,Île-de-France,Tiers,19,1,5333
449,38,Auvergne-Rhône-Alpes,Tous risques,0,0,0
450,33,Île-de-France,Tiers,6,3,11764
451,62,Provence-Alpes-Côte d'Azur,Tiers,14,4,21199
452,29,Auvergne-Rhône-Alpes,Tous risques,8,1,4116
453,22,Nouvelle-Aquitaine,Tiers,9,2,7998
454,48,Bretagne,Tous risques,4,1,4666
455,23,Provence-Alpes-Côte d'Azur,Tiers,17,2,6514
456,77,Île-de-France,Tous risques,19,1,2464
457,18,Auvergne-Rhône-Alpes,Tiers,19,2,4235
458,35,Île-de-France,Tous risques,19,2,10548
459,77,Nouvelle-Aquitaine,Tiers,5,2,8127
460,21,Nouvelle-Aquitaine,Tiers,2,1,3552
461,69,Nouvelle-Aquitaine,Tiers,3,1,2421
462,50,Nouvelle-Aquitaine,Tous risques,18,0,0
463,18,Provence-Alpes-Côte d'Azur,Tiers,17,4,10994
464,76,Île-de-France,Tous risques,2,2,7303
465,51,Île-de-France,Tiers,19,0,0
466,76,Nouvelle-Aquitaine,Tous risques,15,1,1626
467,60,Provence-Alpes-Côte d'Azur,Tous risques,16,3,3292
468,68,Île-de-France,Tous risques,10,2,5902
469,18,Auvergne-Rhône-Alpes,Tous risques,13,3,16636
470,62,Île-de-France,Tiers,13,2,7402
471,21,Bretagne,Tiers,19,2,10550
472,19,Provence-Alpes-Côte d'Azur,Tiers,4,3,15474
473,33,Nouvelle-Aquitaine,Tous risques,5,0,0
474,24,Île-de-France,Tiers,5,1,3798
475,34,Auvergne-Rhône-Alpes,Tiers,10,1,3176
476,65,Auvergne-Rhône-Alpes,Tiers,13,0,0
477,75,Île-de-France,Tous risques,16,0,0
478,19,Bretagne,Tiers,15,1,5160
479,54,Bretagne,Tous risques,10,3,13739
480,29,Auvergne-Rhône-Alpes,Tous risques,1,0,0
481,34,Île-de-France,Tiers,10,0,0
482,73,Nouvelle-Aquitaine,Tiers,7,1,4028
483,68,Provence-Alpes-Côte d'Azur,Tiers,5,0,0
484,53,Bretagne,Tous risques,10,1,5459
485,64,Provence-Alpes-Côte d'Azur,Tous risques,5,1,4963
486,60,Provence-Alpes-Côte d'Azur,Tiers,13,0,0
487,44,Île-de-France,Tous risques,7,1,3560
488,58,Nouvelle-Aquitaine,Tous risques,16,1,5119
489,74,Provence-Alpes-Côte d'Azur,Tous risques,14,2,4965
490,54,Provence-Alpes-Côte d'Azur,Tiers,1,0,0
491,34,Provence-Alpes-Côte d'Azur,Tiers,14,3,12282
492,36,Provence-Alpes-Côte d'Azur,Tiers,9,0,0
493,57,Bretagne,Tous risques,6,0,0
494,26,Bretagne,Tiers,3,1,2167
495,26,Nouvelle-Aquitaine,Tous risques,3,1,2027
496,79,Nouvelle-Aquitaine,Tiers,7,0,0
497,45,Auvergne-Rhône-Alpes,Tiers,19,0,0
498,46,Nouvelle-Aquitaine,Tiers,11,0,0
499,63,Provence-Alpes-Côte d'Azur,Tiers,15,0,0
500,20,Auvergne-Rhône-Alpes,Tous risques,4,0,0
501,38,Provence-Alpes-Côte d'Azur,Tiers,19,2,6097
502,42,Bretagne,Tous risques,10,2,4665
503,59,Nouvelle-Aquitaine,Tiers,1,1,4391
504,48,Auvergne-Rhône-Alpes,Tiers,15,0,0
505,33,Île-de-France,Tous risques,15,2,11722
506,57,Nouvelle-Aquitaine,Tous risques,16,0,0
507,66,Île-de-France,Tous risques,19,1,4807
508,31,Provence-Alpes-Côte d'Azur,Tiers,2,2,6281
509,77,Île-de-France,Tiers,19,0,0
510,77,Île-de-France,Tiers,11,0,0
511,30,Île-de-France,Tous risques,12,2,6354
512,66,Bretagne,Tous risques,3,0,0
513,53,Île-de-France,Tiers,13,1,3807
514,62,Provence-Alpes-Côte d'Azur,Tiers,1,1,2704
515,25,Île-de-France,Tiers,10,2,4361
516,68,Provence-Alpes-Côte d'Azur,Tiers,15,2,9700
517,74,Auvergne-Rhône-Alpes,Tiers,5,1,1038
518,66,Auvergne-Rhône-Alpes,Tous risques,6,3,17644
519,20,Île-de-France,Tous risques,8,2,10124
520,76,Provence-Alpes-Côte d'Azur,Tous risques,7,0,0
521,29,Bretagne,Tiers,15,2,4926
522,55,Provence-Alpes-Côte d'Azur,Tiers,13,0,0
523,20,Nouvelle-Aquitaine,Tiers,13,0,0
524,23,Provence-Alpes-Côte d'Azur,Tiers,10,1,5205
525,18,Bretagne,Tous risques,4,2,6940
526,75,Provence-Alpes-Côte d'Azur,Tiers,4,1,5550
527,73,Bretagne,Tiers,12,0,0
528,79,Île-de-France,Tous risques,10,2,3507
529,77,Île-de-France,Tiers,15,1,4437
530,71,Bretagne,Tous risques,4,2,10547
531,58,Bretagne,Tiers,7,1,5399
532,30,Nouvelle-Aquitaine,Tiers,5,1,1621
533,69,Provence-Alpes-Côte d'Azur,Tous risques,15,0,0
534,33,Bretagne,Tiers,8,1,1862
535,25,Auvergne-Rhône-Alpes,Tous risques,8,1,2404
536,46,Provence-Alpes-Côte d'Azur,Tiers,5,1,4705
537,38,Auvergne-Rhône-Alpes,Tous risques,12,0,0
538,45,Île-de-France,Tiers,5,1,5688
539,55,Bretagne,Tous risques,0,0,0
540,64,Bretagne,Tous risques,10,0,0
541,36,Provence-Alpes-Côte d'Azur,Tiers,18,0,0
542,45,Île-de-France,Tiers,0,2,6080
543,77,Bretagne,Tiers,0,0,0
544,52,Auvergne-Rhône-Alpes,Tiers,1,0,0
545,60,Nouvelle-Aquitaine,Tous risques,6,0,0
546,40,Nouvelle-Aquitaine,Tiers,10,1,1602
547,41,Provence-Alpes-Côte d'Azur,Tiers,1,0,0
548,62,Bretagne,Tous risques,18,1,3638
549,54,Bretagne,Tiers,11,1,2079
550,66,Provence-Alpes-Côte d'Azur,Tous risques,14,1,4332
551,26,Auvergne-Rhône-Alpes,Tous risques,10,3,11693
552,29,Provence-Alpes-Côte d'Azur,Tiers,2,1,1761
553,73,Bretagne,Tous risques,1,0,0
554,61,Auvergne-Rhône-Alpes,Tous risques,4,1,1133
555,39,Nouvelle-Aquitaine,Tous risques,17,0,0
556,57,Bretagne,Tiers,19,4,15156
557,62,Provence-Alpes-Côte d'Azur,Tous risques,4,2,7004
558,78,Auvergne-Rhône-Alpes,Tiers,3,0,0
559,40,Auvergne-Rhône-Alpes,Tiers,0,4,9801
560,65,Provence-Alpes-Côte d'Azur,Tiers,18,1,3487
561,25,Bretagne,Tiers,6,1,5500
562,75,Provence-Alpes-Côte d'Azur,Tous risques,4,3,11850
563,52,Nouvelle-Aquitaine,Tous risques,9,1,2900
564,75,Bretagne,Tous risques,19,1,1968
565,68,Île-de-France,Tous risques,1,0,0
566,47,Bretagne,Tous risques,0,1,3359
567,18,Provence-Alpes-Côte d'Azur,Tous risques,1,1,2488
568,52,Auvergne-Rhône-Alpes,Tiers,13,0,0
569,72,Île-de-France,Tous risques,17,1,5368
570,19,Auvergne-Rhône-Alpes,Tous risques,11,1,2999
571,33,Bretagne,Tiers,12,1,1198
572,39,Île-de-France,Tous risques,13,1,4683
573,22,Île-de-France,Tiers,18,2,5865
574,34,Auvergne-Rhône-Alpes,Tous risques,19,0,0
575,48,Île-de-France,Tous risques,4,2,3291
576,38,Île-de-France,Tous risques,19,2,11874
577,32,Île-de-France,Tous risques,19,0,0
578,79,Auvergne-Rhône-Alpes,Tiers,5,0,0
579,29,Nouvelle-Aquitaine,Tous risques,8,1,3209
580,41,Bretagne,Tous risques,2,1,3512
581,18,Auvergne-Rhône-Alpes,Tous risques,10,3,4128
582,49,Bretagne,Tous risques,11,0,0
583,58,Provence-Alpes-Côte d'Azur,Tous risques,14,0,0
584,65,Bretagne,Tous risques,11,1,3813
585,57,Nouvelle-Aquitaine,Tous risques,2,1,4842
586,74,Provence-Alpes-Côte d'Azur,Tous risques,12,0,0
587,79,Île-de-France,Tous risques,8,0,0
588,73,Bretagne,Tous risques,14,3,6114
589,22,Île-de-France,Tiers,7,1,2464
590,41,Île-de-France,Tiers,12,3,8274
591,69,Nouvelle-Aquitaine,Tous risques,1,1,3517
592,38,Auvergne-Rhône-Alpes,Tiers,19,2,5292
593,71,Bretagne,Tous risques,16,2,5901
594,42,Île-de-France,Tiers,15,0,0
595,28,Auvergne-Rhône-Alpes,Tiers,4,0,0
596,43,Nouvelle-Aquitaine,Tous risques,15,1,4499
597,70,Auvergne-Rhône-Alpes,Tiers,6,0,0
598,39,Nouvelle-Aquitaine,Tous risques,4,0,0
599,26,Nouvelle-Aquitaine,Tiers,1,4,4749
600,19,Nouvelle-Aquitaine,Tous risques,7,1,5834
601,78,Auvergne-Rhône-Alpes,Tiers,4,0,0
602,56,Île-de-France,Tous risques,0,3,6981
603,32,Nouvelle-Aquitaine,Tiers,3,0,0
604,73,Auvergne-Rhône-Alpes,Tous risques,0,4,14952
605,67,Île-de-France,Tous risques,1,1,5339
606,30,Île-de-France,Tiers,4,1,2721
607,40,Nouvelle-Aquitaine,Tiers,15,0,0
608,66,Auvergne-Rhône-Alpes,Tiers,8,2,6568
609,22,Auvergne-Rhône-Alpes,Tiers,3,2,10603
610,65,Bretagne,Tous risques,16,1,4050
611,47,Provence-Alpes-Côte d'Azur,Tous risques,7,0,0
612,55,Nouvelle-Aquitaine,Tiers,5,3,3244
613,65,Nouvelle-Aquitaine,Tiers,1,0,0
614,37,Auvergne-Rhône-Alpes,Tous risques,3,1,4701
615,72,Provence-Alpes-Côte d'Azur,Tiers,14,0,0
616,32,Bretagne,Tiers,0,0,0
617,25,Nouvelle-Aquitaine,Tiers,3,0,0
618,35,Nouvelle-Aquitaine,Tous risques,10,0,0
619,66,Bretagne,Tiers,12,1,4224
620,34,Île-de-France,Tous risques,9,0,0
621,35,Provence-Alpes-Côte d'Azur,Tous risques,12,1,2279
622,74,Bretagne,Tiers,5,2,8595
623,32,Nouvelle-Aquitaine,Tous risques,18,2,6370
624,34,Provence-Alpes-Côte d'Azur,Tiers,5,0,0
625,26,Auvergne-Rhône-Alpes,Tiers,4,0,0
626,35,Bretagne,Tiers,2,1,5943
627,75,Bretagne,Tiers,13,1,3878
628,53,Auvergne-Rhône-Alpes,Tiers,5,0,0
629,71,Nouvelle-Aquitaine,Tiers,2,1,5593
630,47,Auvergne-Rhône-Alpes,Tiers,12,2,10818
631,72,Île-de-France,Tiers,3,1,3995
632,56,Provence-Alpes-Côte d'Azur,Tiers,11,0,0
633,35,Île-de-France,Tous risques,9,2,4202
634,34,Provence-Alpes-Côte d'Azur,Tiers,16,0,0
635,38,Île-de-France,Tiers,6,1,2745
636,66,Bretagne,Tiers,11,1,3153
637,29,Nouvelle-Aquitaine,Tous risques,18,1,3796
638,71,Auvergne-Rhône-Alpes,Tous risques,8,0,0
639,35,Bretagne,Tiers,11,1,5982
640,25,Auvergne-Rhône-Alpes,Tiers,7,0,0
641,50,Bretagne,Tiers,13,1,4855
642,28,Île-de-France,Tous risques,4,1,5981
643,31,Provence-Alpes-Côte d'Azur,Tous risques,1,1,2444
644,52,Provence-Alpes-Côte d'Azur,Tiers,10,0,0
645,37,Bretagne,Tous risques,5,1,1651
646,40,Île-de-France,Tous risques,1,0,0
647,52,Auvergne-Rhône-Alpes,Tiers,6,3,16475
648,36,Île-de-France,Tous risques,6,0,0
649,55,Auvergne-Rhône-Alpes,Tiers,1,2,9255
650,45,Auvergne-Rhône-Alpes,Tiers,19,0,0
651,71,Provence-Alpes-Côte d'Azur,Tous risques,14,0,0
652,22,Île-de-France,Tous risques,14,2,9190
653,69,Provence-Alpes-Côte d'Azur,Tiers,15,1,4161
654,70,Bretagne,Tiers,18,2,9210
655,44,Nouvelle-Aquitaine,Tous risques,8,1,4018
656,49,Provence-Alpes-Côte d'Azur,Tiers,10,2,7128
657,60,Provence-Alpes-Côte d'Azur,Tiers,14,0,0
658,79,Île-de-France,Tiers,12,0,0
659,78,Provence-Alpes-Côte d'Azur,Tiers,0,2,11481
660,52,Bretagne,Tous risques,14,1,4335
661,56,Provence-Alpes-Côte d'Azur,Tiers,19,0,0
662,71,Île-de-France,Tous risques,8,0,0
663,79,Bretagne,Tiers,10,2,11926
664,23,Nouvelle-Aquitaine,Tiers,1,1,4607
665,30,Bretagne,Tous risques,14,0,0
666,52,Provence-Alpes-Côte d'Azur,Tiers,4,1,5870
667,34,Nouvelle-Aquitaine,Tiers,13,1,2564
668,37,Nouvelle-Aquitaine,Tous risques,13,1,4607
669,46,Île-de-France,Tous risques,12,0,0
670,70,Île-de-France,Tiers,19,0,0
671,24,Provence-Alpes-Côte d'Azur,Tiers,0,0,0
672,50,Provence-Alpes-Côte d'Azur,Tiers,7,1,3183
673,65,Île-de-France,Tous risques,12,0,0
674,39,Bretagne,Tiers,9,1,5109
675,22,Auvergne-Rhône-Alpes,Tiers,8,2,10678
676,23,Nouvelle-Aquitaine,Tous risques,0,2,7191
677,33,Bretagne,Tiers,2,0,0
678,74,Nouvelle-Aquitaine,Tiers,6,2,4134
679,50,Nouvelle-Aquitaine,Tiers,7,2,4345
680,31,Auvergne-Rhône-Alpes,Tiers,5,1,1664
681,38,Provence-Alpes-Côte d'Azur,Tiers,9,0,0
682,75,Provence-Alpes-Côte d'Azur,Tous risques,7,2,6359
683,26,Provence-Alpes-Côte d'Azur,Tiers,6,2,11736
684,41,Nouvelle-Aquitaine,Tous risques,1,1,1974
685,66,Provence-Alpes-Côte d'Azur,Tiers,15,1,3442
686,66,Provence-Alpes-Côte d'Azur,Tous risques,17,2,10356
687,70,Nouvelle-Aquitaine,Tiers,17,0,0
688,47,Île-de-France,Tous risques,6,0,0
689,52,Île-de-France,Tiers,7,3,14857
690,19,Auvergne-Rhône-Alpes,Tiers,16,0,0
691,66,Île-de-France,Tiers,17,1,1309
692,67,Île-de-France,Tous risques,17,0,0
693,71,Auvergne-Rhône-Alpes,Tous risques,16,2,3743
694,36,Nouvelle-Aquitaine,Tous risques,18,3,12655
695,74,Nouvelle-Aquitaine,Tiers,1,1,3086
696,29,Île-de-France,Tiers,12,3,16444
697,18,Bretagne,Tous risques,18,3,11800
698,22,Nouvelle-Aquitaine,Tous risques,5,4,20916
699,60,Auvergne-Rhône-Alpes,Tous risques,6,2,9216
700,69,Nouvelle-Aquitaine,Tiers,11,1,3276
701,59,Nouvelle-Aquitaine,Tiers,4,1,5196
702,65,Auvergne-Rhône-Alpes,Tiers,0,2,7106
703,45,Nouvelle-Aquitaine,Tiers,10,1,1739
704,75,Nouvelle-Aquitaine,Tiers,19,0,0
705,68,Auvergne-Rhône-Alpes,Tous risques,2,3,10132
706,51,Nouvelle-Aquitaine,Tous risques,8,0,0
707,45,Auvergne-Rhône-Alpes,Tous risques,6,1,4118
708,46,Provence-Alpes-Côte d'Azur,Tous risques,12,1,3424
709,26,Auvergne-Rhône-Alpes,Tiers,7,2,10026
710,69,Île-de-France,Tous risques,16,2,2344
711,46,Bretagne,Tiers,11,2,11573
712,40,Provence-Alpes-Côte d'Azur,Tiers,6,1,1404
713,59,Nouvelle-Aquitaine,Tous risques,7,1,4796
714,54,Provence-Alpes-Côte d'Azur,Tous risques,8,0,0
715,61,Provence-Alpes-Côte d'Azur,Tous risques,9,2,10210
716,62,Provence-Alpes-Côte d'Azur,Tous risques,3,0,0
717,37,Auvergne-Rhône-Alpes,Tiers,14,3,15923
718,19,Auvergne-Rhône-Alpes,Tiers,16,1,5243
719,75,Provence-Alpes-Côte d'Azur,Tous risques,19,2,10823
720,79,Île-de-France,Tous risques,12,0,0
721,66,Provence-Alpes-Côte d'Azur,Tous risques,3,1,4689
722,42,Île-de-France,Tous risques,6,1,5256
723,53,Bretagne,Tous risques,18,0,0
724,55,Bretagne,Tiers,6,2,3749
725,62,Nouvelle-Aquitaine,Tiers,17,0,0
726,36,Auvergne-Rhône-Alpes,Tous risques,3,0,0
727,45,Bretagne,Tous risques,5,0,0
728,30,Île-de-France,Tous risques,6,4,12076
729,28,Provence-Alpes-Côte d'Azur,Tiers,13,1,4683
730,78,Bretagne,Tous risques,8,0,0
731,33,Île-de-France,Tiers,15,0,0
732,18,Auvergne-Rhône-Alpes,Tiers,9,0,0
733,41,Provence-Alpes-Côte d'Azur,Tous risques,12,0,0
734,44,Auvergne-Rhône-Alpes,Tiers,17,1,1308
735,21,Bretagne,Tiers,3,1,4293
736,64,Île-de-France,Tiers,0,0,0
737,29,Bretagne,Tous risques,1,1,5863
738,51,Bretagne,Tiers,11,0,0
739,62,Île-de-France,Tous risques,11,3,9622
740,29,Bretagne,Tiers,1,1,2095
741,68,Auvergne-Rhône-Alpes,Tous risques,14,2,9520
742,40,Nouvelle-Aquitaine,Tiers,16,0,0
743,49,Provence-Alpes-Côte d'Azur,Tous risques,13,1,2617
744,71,Île-de-France,Tous risques,14,1,4367
745,33,Auvergne-Rhône-Alpes,Tous risques,6,1,1594
746,74,Provence-Alpes-Côte d'Azur,Tiers,10,3,11627
747,33,Bretagne,Tiers,5,0,0
748,39,Auvergne-Rhône-Alpes,Tous risques,16,0,0
749,29,Auvergne-Rhône-Alpes,Tiers,13,1,4973
750,45,Nouvelle-Aquitaine,Tiers,4,2,2374
751,57,Auvergne-Rhône-Alpes,Tous risques,10,2,4360
752,44,Nouvelle-Aquitaine,Tous risques,1,0,0
753,27,Bretagne,Tiers,19,1,1114
754,71,Île-de-France,Tous risques,0,0,0
755,75,Auvergne-Rhône-Alpes,Tiers,12,1,2558
756,44,Provence-Alpes-Côte d'Azur,Tous risques,2,3,8470
757,44,Auvergne-Rhône-Alpes,Tiers,8,2,3677
758,79,Nouvelle-Aquitaine,Tiers,5,3,10524
759,38,Nouvelle-Aquitaine,Tous risques,8,2,3027
760,60,Île-de-France,Tiers,9,3,15867
761,48,Auvergne-Rhône-Alpes,Tous risques,10,1,2791
762,67,Provence-Alpes-Côte d'Azur,Tiers,19,1,5263
763,55,Auvergne-Rhône-Alpes,Tiers,5,3,8948
764,59,Provence-Alpes-Côte d'Azur,Tiers,17,4,22053
765,69,Nouvelle-Aquitaine,Tiers,6,1,1708
766,40,Île-de-France,Tiers,9,0,0
767,31,Nouvelle-Aquitaine,Tiers,17,1,1365
768,23,Auvergne-Rhône-Alpes,Tiers,4,3,12631
769,23,Bretagne,Tiers,10,2,5715
770,33,Provence-Alpes-Côte d'Azur,Tiers,1,2,2823
771,21,Île-de-France,Tous risques,18,0,0
772,53,Île-de-France,Tiers,16,1,2643
773,69,Île-de-France,Tiers,5,1,5016
774,63,Provence-Alpes-Côte d'Azur,Tiers,16,4,12016
775,38,Auvergne-Rhône-Alpes,Tous risques,16,0,0
776,44,Bretagne,Tous risques,17,1,2008
777,32,Provence-Alpes-Côte d'Azur,Tous risques,11,0,0
778,20,Provence-Alpes-Côte d'Azur,Tiers,16,2,11208
779,75,Île-de-France,Tous risques,13,2,4747
780,40,Provence-Alpes-Côte d'Azur,Tiers,3,1,1415
781,72,Auvergne-Rhône-Alpes,Tiers,10,0,0
782,56,Auvergne-Rhône-Alpes,Tous risques,12,1,1898
783,37,Nouvelle-Aquitaine,Tous risques,13,0,0
784,36,Provence-Alpes-Côte d'Azur,Tiers,10,0,0
785,33,Bretagne,Tous risques,4,0,0
786,47,Nouvelle-Aquitaine,Tiers,10,1,2573
787,55,Île-de-France,Tous risques,6,0,0
788,32,Nouvelle-Aquitaine,Tous risques,0,2,2002
789,24,Île-de-France,Tous risques,14,1,4413
790,34,Provence-Alpes-Côte d'Azur,Tiers,0,0,0
791,64,Auvergne-Rhône-Alpes,Tiers,1,1,1408
792,38,Provence-Alpes-Côte d'Azur,Tous risques,1,0,0
793,78,Bretagne,Tiers,11,3,10113
794,72,Île-de-France,Tous risques,16,2,5624
795,74,Bretagne,Tous risques,2,1,1765
796,37,Provence-Alpes-Côte d'Azur,Tiers,0,2,5321
797,39,Bretagne,Tiers,12,0,0
798,43,Auvergne-Rhône-Alpes,Tiers,5,0,0
799,66,Nouvelle-Aquitaine,Tiers,10,0,0
800,47,Auvergne-Rhône-Alpes,Tous risques,3,3,11890
801,69,Nouvelle-Aquitaine,Tous risques,12,0,0
802,64,Auvergne-Rhône-Alpes,Tous risques,7,2,7414
803,36,Bretagne,Tous risques,8,1,2892
804,67,Île-de-France,Tous risques,8,1,1264
805,72,Bretagne,Tous risques,12,1,3977
806,70,Auvergne-Rhône-Alpes,Tous risques,19,1,3061
807,72,Auvergne-Rhône-Alpes,Tous risques,13,0,0
808,74,Nouvelle-Aquitaine,Tous risques,13,0,0
809,56,Île-de-France,Tous risques,8,0,0
810,42,Bretagne,Tous risques,11,0,0
811,19,Nouvelle-Aquitaine,Tiers,5,2,11243
812,63,Provence-Alpes-Côte d'Azur,Tiers,7,2,11318
813,54,Bretagne,Tiers,8,1,1663
814,65,Auvergne-Rhône-Alpes,Tous risques,0,1,4355
815,46,Nouvelle-Aquitaine,Tiers,18,0,0
816,61,Provence-Alpes-Côte d'Azur,Tiers,3,0,0
817,19,Bretagne,Tiers,11,3,16543
818,62,Nouvelle-Aquitaine,Tous risques,6,1,1629
819,29,Auvergne-Rhône-Alpes,Tiers,18,0,0
820,71,Bretagne,Tous risques,13,4,17374
821,44,Nouvelle-Aquitaine,Tous risques,19,1,5728
822,67,Provence-Alpes-Côte d'Azur,Tiers,11,1,2053
823,42,Nouvelle-Aquitaine,Tiers,9,1,2572
824,40,Île-de-France,Tous risques,11,1,1084
825,21,Bretagne,Tous risques,17,1,3357
826,73,Auvergne-Rhône-Alpes,Tiers,11,2,2828
827,59,Auvergne-Rhône-Alpes,Tiers,3,1,1222
828,43,Île-de-France,Tous risques,18,0,0
829,26,Provence-Alpes-Côte d'Azur,Tiers,6,2,10194
830,43,Auvergne-Rhône-Alpes,Tous risques,12,1,3284
831,42,Nouvelle-Aquitaine,Tous risques,1,3,17479
832,33,Bretagne,Tous risques,9,0,0
833,77,Provence-Alpes-Côte d'Azur,Tous risques,4,3,6475
834,47,Provence-Alpes-Côte d'Azur,Tous risques,13,0,0
835,25,Auvergne-Rhône-Alpes,Tous risques,7,1,5698
836,42,Île-de-France,Tous risques,11,2,6755
837,52,Provence-Alpes-Côte d'Azur,Tous risques,2,2,8201
838,31,Auvergne-Rhône-Alpes,Tiers,19,1,3105
839,33,Bretagne,Tous risques,6,1,4469
840,76,Auvergne-Rhône-Alpes,Tiers,6,1,2365
841,66,Nouvelle-Aquitaine,Tous risques,4,2,10653
842,25,Provence-Alpes-Côte d'Azur,Tiers,6,1,4740
843,22,Île-de-France,Tous risques,6,0,0
844,54,Auvergne-Rhône-Alpes,Tiers,13,1,5191
845,25,Auvergne-Rhône-Alpes,Tiers,1,0,0
846,28,Bretagne,Tiers,2,1,2549
847,39,Provence-Alpes-Côte d'Azur,Tiers,10,1,4843
848,26,Auvergne-Rhône-Alpes,Tiers,0,0,0
849,76,Île-de-France,Tous risques,16,0,0
850,36,Nouvelle-Aquitaine,Tiers,14,0,0
851,42,Bretagne,Tous risques,4,3,7069
852,33,Provence-Alpes-Côte d'Azur,Tiers,15,2,10718
853,57,Provence-Alpes-Côte d'Azur,Tous risques,14,1,3087
854,46,Provence-Alpes-Côte d'Azur,Tous risques,15,1,4919
855,41,Nouvelle-Aquitaine,Tiers,5,2,10311
856,29,Île-de-France,Tiers,12,0,0
857,30,Nouvelle-Aquitaine,Tiers,18,1,4835
858,48,Bretagne,Tiers,9,0,0
859,31,Auvergne-Rhône-Alpes,Tiers,14,2,4578
860,69,Bretagne,Tiers,16,2,7617
861,26,Nouvelle-Aquitaine,Tous risques,7,1,2800
862,26,Bretagne,Tiers,17,1,3281
863,63,Provence-Alpes-Côte d'Azur,Tous risques,16,1,4893
864,30,Auvergne-Rhône-Alpes,Tiers,12,1,4096
865,28,Nouvelle-Aquitaine,Tiers,19,0,0
866,73,Auvergne-Rhône-Alpes,Tous risques,11,0,0
867,71,Nouvelle-Aquitaine,Tous risques,1,0,0
868,77,Bretagne,Tous risques,16,1,5825
869,74,Auvergne-Rhône-Alpes,Tous risques,7,1,4297
870,47,Auvergne-Rhône-Alpes,Tous risques,13,1,5530
871,32,Nouvelle-Aquitaine,Tous risques,14,1,5843
872,46,Île-de-France,Tiers,19,1,4754
873,43,Nouvelle-Aquitaine,Tous risques,11,0,0
874,40,Nouvelle-Aquitaine,Tiers,17,1,1139
875,19,Bretagne,Tous risques,11,5,24439
876,75,Île-de-France,Tous risques,3,1,1939
877,37,Provence-Alpes-Côte d'Azur,Tous risques,13,1,1197
878,78,Provence-Alpes-Côte d'Azur,Tiers,0,1,3290
879,56,Auvergne-Rhône-Alpes,Tiers,17,1,2364
880,19,Bretagne,Tous risques,10,1,5972
881,65,Nouvelle-Aquitaine,Tous risques,15,0,0
882,68,Île-de-France,Tous risques,9,0,0
883,33,Île-de-France,Tous risques,6,0,0
884,34,Auvergne-Rhône-Alpes,Tiers,1,0,0
885,18,Provence-Alpes-Côte d'Azur,Tous risques,2,3,12299
886,18,Bretagne,Tous risques,4,0,0
887,36,Nouvelle-Aquitaine,Tiers,12,0,0
888,51,Bretagne,Tiers,6,2,8811
889,29,Bretagne,Tiers,12,1,1789
890,70,Île-de-France,Tiers,2,2,2868
891,49,Provence-Alpes-Côte d'Azur,Tiers,11,1,4446
892,25,Nouvelle-Aquitaine,Tous risques,13,0,0
893,55,Bretagne,Tous risques,3,1,4554
894,46,Provence-Alpes-Côte d'Azur,Tous risques,1,0,0
895,18,Auvergne-Rhône-Alpes,Tous risques,11,0,0
896,43,Nouvelle-Aquitaine,Tous risques,13,0,0
897,45,Île-de-France,Tous risques,0,3,12943
898,49,Provence-Alpes-Côte d'Azur,Tiers,4,3,14029
899,27,Auvergne-Rhône-Alpes,Tous risques,4,3,8443
900,20,Provence-Alpes-Côte d'Azur,Tiers,3,0,0
901,58,Auvergne-Rhône-Alpes,Tous risques,10,3,3595
902,61,Nouvelle-Aquitaine,Tiers,2,3,9562
903,58,Auvergne-Rhône-Alpes,Tous risques,17,0,0
904,59,Île-de-France,Tous risques,1,1,2166
905,70,Île-de-France,Tiers,3,1,4056
906,18,Provence-Alpes-Côte d'Azur,Tous risques,0,0,0
907,74,Bretagne,Tiers,6,0,0
908,27,Auvergne-Rhône-Alpes,Tiers,18,2,6462
909,73,Auvergne-Rhône-Alpes,Tiers,9,0,0
910,52,Île-de-France,Tiers,19,2,5250
911,20,Île-de-France,Tous risques,18,0,0
912,42,Provence-Alpes-Côte d'Azur,Tous risques,2,0,0
913,77,Nouvelle-Aquitaine,Tiers,17,3,5090
914,45,Provence-Alpes-Côte d'Azur,Tous risques,2,0,0
915,75,Provence-Alpes-Côte d'Azur,Tous risques,5,1,2813
916,47,Nouvelle-Aquitaine,Tous risques,5,1,1243
917,70,Provence-Alpes-Côte d'Azur,Tiers,0,4,4121
918,56,Provence-Alpes-Côte d'Azur,Tous risques,16,1,3780
919,34,Auvergne-Rhône-Alpes,Tous risques,2,4,14339
920,36,Bretagne,Tous risques,13,0,0
921,54,Île-de-France,Tiers,5,2,3373
922,29,Provence-Alpes-Côte d'Azur,Tiers,16,1,1558
923,62,Île-de-France,Tous risques,11,0,0
924,46,Bretagne,Tous risques,10,1,2678
925,42,Provence-Alpes-Côte d'Azur,Tous risques,4,0,0
926,66,Nouvelle-Aquitaine,Tous risques,12,0,0
927,36,Auvergne-Rhône-Alpes,Tiers,13,4,6880
928,60,Bretagne,Tous risques,19,2,7265
929,55,Bretagne,Tous risques,9,0,0
930,40,Provence-Alpes-Côte d'Azur,Tous risques,1,1,2355
931,49,Bretagne,Tous risques,1,1,2801
932,46,Auvergne-Rhône-Alpes,Tiers,14,1,4825
933,48,Nouvelle-Aquitaine,Tiers,6,2,11785
934,77,Auvergne-Rhône-Alpes,Tous risques,12,1,1880
935,77,Auvergne-Rhône-Alpes,Tiers,12,0,0
936,42,Provence-Alpes-Côte d'Azur,Tous risques,1,1,3459
937,22,Nouvelle-Aquitaine,Tiers,2,0,0
938,38,Provence-Alpes-Côte d'Azur,Tiers,2,1,1675
939,31,Provence-Alpes-Côte d'Azur,Tiers,9,0,0
940,56,Auvergne-Rhône-Alpes,Tous risques,14,2,11307
941,24,Île-de-France,Tous risques,14,1,2578
942,67,Nouvelle-Aquitaine,Tiers,8,0,0
943,22,Bretagne,Tiers,17,0,0
944,55,Bretagne,Tiers,7,1,3901
945,75,Bretagne,Tous risques,10,2,7928
946,26,Bretagne,Tiers,14,1,4964
947,64,Provence-Alpes-Côte d'Azur,Tiers,0,0,0
948,22,Provence-Alpes-Côte d'Azur,Tiers,7,0,0
949,50,Île-de-France,Tiers,6,0,0
950,56,Bretagne,Tiers,4,1,2622
951,32,Auvergne-Rhône-Alpes,Tiers,12,0,0
952,48,Provence-Alpes-Côte d'Azur,Tiers,16,1,4422
953,69,Île-de-France,Tiers,11,3,3191
954,38,Île-de-France,Tiers,14,2,5986
955,44,Provence-Alpes-Côte d'Azur,Tous risques,9,1,4309
956,34,Bretagne,Tiers,4,1,3841
957,44,Provence-Alpes-Côte d'Azur,Tous risques,17,1,2510
958,60,Auvergne-Rhône-Alpes,Tous risques,10,1,3098
959,75,Nouvelle-Aquitaine,Tous risques,16,3,12925
960,61,Auvergne-Rhône-Alpes,Tous risques,10,1,2350
961,69,Provence-Alpes-Côte d'Azur,Tous risques,13,2,10003
962,57,Nouvelle-Aquitaine,Tous risques,16,0,0
963,27,Nouvelle-Aquitaine,Tous risques,6,3,11838
964,56,Nouvelle-Aquitaine,Tous risques,2,2,10377
965,74,Auvergne-Rhône-Alpes,Tous risques,6,1,1620
966,56,Nouvelle-Aquitaine,Tiers,19,2,5099
967,78,Île-de-France,Tiers,16,2,11820
968,62,Provence-Alpes-Côte d'Azur,Tiers,0,0,0
969,30,Bretagne,Tous risques,10,2,9716
970,34,Nouvelle-Aquitaine,Tous risques,6,0,0
971,25,Provence-Alpes-Côte d'Azur,Tiers,5,0,0
972,42,Auvergne-Rhône-Alpes,Tiers,5,1,1940
973,37,Provence-Alpes-Côte d'Azur,Tous risques,5,1,2434
974,60,Provence-Alpes-Côte d'Azur,Tous risques,1,0,0
975,30,Bretagne,Tiers,1,1,2577
976,39,Provence-Alpes-Côte d'Azur,Tiers,4,0,0
977,32,Bretagne,Tous risques,19,0,0
978,32,Nouvelle-Aquitaine,Tous risques,3,1,2317
979,65,Provence-Alpes-Côte d'Azur,Tous risques,15,1,1302
980,73,Auvergne-Rhône-Alpes,Tiers,9,0,0
981,28,Nouvelle-Aquitaine,Tous risques,2,1,5124
982,37,Provence-Alpes-Côte d'Azur,Tiers,15,2,11688
983,20,Île-de-France,Tous risques,0,0,0
984,36,Provence-Alpes-Côte d'Azur,Tous risques,5,0,0
985,32,Île-de-France,Tiers,16,0,0
986,77,Île-de-France,Tiers,1,1,2852
987,64,Bretagne,Tiers,17,1,1770
988,62,Bretagne,Tous risques,5,0,0
989,66,Île-de-France,Tiers,14,0,0
990,33,Bretagne,Tous risques,16,1,5982
991,67,Bretagne,Tiers,5,1,2709
992,52,Auvergne-Rhône-Alpes,Tiers,5,2,2788
993,75,Provence-Alpes-Côte d'Azur,Tous risques,6,2,4656
994,52,Provence-Alpes-Côte d'Azur,Tous risques,0,3,7613
995,44,Île-de-France,Tous risques,3,0,0
996,63,Nouvelle-Aquitaine,Tiers,8,0,0
997,74,Nouvelle-Aquitaine,Tiers,12,2,9669
998,52,Nouvelle-Aquitaine,Tous risques,4,2,11535
999,35,Nouvelle-Aquitaine,Tiers,0,3,11941
1000,50,Bretagne,Tous risques,0,2,6592
1001,53,Bretagne,Tiers,17,1,5828
1002,29,Bretagne,Tiers,17,2,6251
1003,61,Provence-Alpes-Côte d'Azur,Tous risques,7,1,4627
1004,34,Bretagne,Tiers,2,2,10149
1005,69,Nouvelle-Aquitaine,Tous risques,16,3,5396
1006,39,Auvergne-Rhône-Alpes,Tous risques,7,2,7271
1007,20,Île-de-France,Tous risques,7,0,0
1008,33,Bretagne,Tiers,18,4,11306
1009,18,Île-de-France,Tiers,12,3,3531
1010,48,Provence-Alpes-Côte d'Azur,Tous risques,13,0,0
1011,57,Bretagne,Tiers,13,1,5387
1012,23,Nouvelle-Aquitaine,Tiers,14,0,0
1013,18,Provence-Alpes-Côte d'Azur,Tous risques,4,1,1256
1014,54,Provence-Alpes-Côte d'Azur,Tiers,4,3,10948
1015,45,Provence-Alpes-Côte d'Azur,Tiers,8,1,3643
1016,54,Île-de-France,Tous risques,4,2,2794
1017,38,Auvergne-Rhône-Alpes,Tiers,15,0,0
1018,47,Bretagne,Tiers,1,0,0
1019,38,Auvergne-Rhône-Alpes,Tiers,5,0,0
1020,74,Provence-Alpes-Côte d'Azur,Tiers,3,1,5278
1021,28,Provence-Alpes-Côte d'Azur,Tiers,17,3,13446
1022,33,Provence-Alpes-Côte d'Azur,Tiers,5,3,9182
1023,75,Auvergne-Rhône-Alpes,Tiers,11,2,9480
1024,18,Bretagne,Tous risques,19,1,3842
1025,25,Provence-Alpes-Côte d'Azur,Tous risques,13,3,9923
1026,20,Nouvelle-Aquitaine,Tiers,5,0,0
1027,57,Auvergne-Rhône-Alpes,Tous risques,1,0,0
1028,27,Bretagne,Tiers,9,2,10896
1029,18,Île-de-France,Tous risques,3,2,3762
1030,61,Provence-Alpes-Côte d'Azur,Tiers,18,0,0
1031,73,Île-de-France,Tous risques,4,0,0
1032,49,Provence-Alpes-Côte d'Azur,Tiers,7,1,1440
1033,34,Nouvelle-Aquitaine,Tous risques,17,3,16694
1034,32,Bretagne,Tiers,18,1,4156
1035,68,Bretagne,Tous risques,15,2,3788
1036,61,Nouvelle-Aquitaine,Tiers,15,1,4253
1037,63,Bretagne,Tous risques,12,0,0
1038,42,Auvergne-Rhône-Alpes,Tiers,15,0,0
1039,43,Île-de-France,Tous risques,13,0,0
1040,19,Nouvelle-Aquitaine,Tiers,13,0,0
1041,62,Provence-Alpes-Côte d'Azur,Tous risques,9,1,4014
1042,31,Bretagne,Tous risques,10,1,2234
1043,69,Bretagne,Tous risques,7,1,4604
1044,18,Nouvelle-Aquitaine,Tiers,8,1,4862
1045,79,Auvergne-Rhône-Alpes,Tiers,8,2,6146
1046,67,Île-de-France,Tiers,8,1,5192
1047,70,Île-de-France,Tiers,16,1,3076
1048,63,Provence-Alpes-Côte d'Azur,Tous risques,7,1,2169
1049,44,Auvergne-Rhône-Alpes,Tous risques,5,0,0
1050,45,Nouvelle-Aquitaine,Tous risques,16,0,0
1051,66,Bretagne,Tous risques,17,1,1602
1052,31,Auvergne-Rhône-Alpes,Tous risques,17,0,0
1053,18,Nouvelle-Aquitaine,Tiers,9,2,2548
1054,58,Bretagne,Tiers,16,0,0
1055,74,Nouvelle-Aquitaine,Tous risques,5,1,4112
1056,73,Provence-Alpes-Côte d'Azur,Tous risques,6,1,1754
1057,69,Bretagne,Tiers,6,2,11090
1058,29,Île-de-France,Tous risques,14,2,7959
1059,18,Île-de-France,Tiers,6,2,7454
1060,26,Provence-Alpes-Côte d'Azur,Tiers,19,0,0
1061,46,Nouvelle-Aquitaine,Tiers,6,1,4095
1062,42,Bretagne,Tous risques,19,0,0
1063,50,Provence-Alpes-Côte d'Azur,Tous risques,15,0,0
1064,51,Provence-Alpes-Côte d'Azur,Tous risques,18,0,0
1065,65,Bretagne,Tous risques,9,0,0
1066,32,Provence-Alpes-Côte d'Azur,Tous risques,13,1,4873
1067,43,Nouvelle-Aquitaine,Tiers,13,1,3547
1068,67,Provence-Alpes-Côte d'Azur,Tous risques,1,2,6982
1069,62,Nouvelle-Aquitaine,Tous risques,3,0,0
1070,52,Bretagne,Tiers,11,2,6013
1071,31,Île-de-France,Tous risques,6,2,11108
1072,39,Nouvelle-Aquitaine,Tiers,11,3,6545
1073,31,Bretagne,Tous risques,16,0,0
1074,42,Provence-Alpes-Côte d'Azur,Tiers,16,2,2020
1075,35,Provence-Alpes-Côte d'Azur,Tous risques,18,2,9643
1076,67,Provence-Alpes-Côte d'Azur,Tiers,15,1,5966
1077,37,Provence-Alpes-Côte d'Azur,Tous risques,17,0,0
1078,26,Île-de-France,Tous risques,7,1,4057
1079,30,Provence-Alpes-Côte d'Azur,Tiers,17,2,2767
1080,39,Provence-Alpes-Côte d'Azur,Tous risques,1,1,5841
1081,51,Auvergne-Rhône-Alpes,Tiers,10,0,0
1082,59,Provence-Alpes-Côte d'Azur,Tous risques,4,2,10384
1083,50,Nouvelle-Aquitaine,Tous risques,8,0,0
1084,76,Provence-Alpes-Côte d'Azur,Tous risques,15,1,4863
1085,75,Auvergne-Rhône-Alpes,Tiers,7,0,0
1086,79,Île-de-France,Tous risques,14,0,0
1087,49,Auvergne-Rhône-Alpes,Tous risques,3,1,4466
1088,19,Bretagne,Tous risques,11,1,5373
1089,62,Île-de-France,Tiers,4,1,3289
1090,59,Bretagne,Tous risques,16,0,0
1091,31,Île-de-France,Tous risques,19,3,14662
1092,24,Nouvelle-Aquitaine,Tiers,10,1,3338
1093,26,Auvergne-Rhône-Alpes,Tous risques,13,1,3287
1094,76,Île-de-France,Tiers,16,0,0
1095,71,Nouvelle-Aquitaine,Tiers,7,0,0
1096,60,Bretagne,Tous risques,15,0,0
1097,53,Provence-Alpes-Côte d'Azur,Tous risques,0,3,14410
1098,52,Auvergne-Rhône-Alpes,Tiers,5,0,0
1099,63,Nouvelle-Aquitaine,Tiers,12,1,1366
1100,51,Île-de-France,Tous risques,3,2,3577
1101,29,Bretagne,Tiers,16,0,0
1102,24,Nouvelle-Aquitaine,Tous risques,9,1,1978
1103,77,Nouvelle-Aquitaine,Tiers,15,1,5174
1104,51,Nouvelle-Aquitaine,Tiers,14,0,0
1105,28,Nouvelle-Aquitaine,Tiers,3,0,0
1106,27,Bretagne,Tiers,18,0,0
1107,25,Bretagne,Tiers,11,0,0
1108,54,Auvergne-Rhône-Alpes,Tiers,14,0,0
1109,71,Provence-Alpes-Côte d'Azur,Tous risques,17,2,6326
1110,41,Île-de-France,Tous risques,15,2,11054
1111,44,Provence-Alpes-Côte d'Azur,Tous risques,15,1,5968
1112,37,Nouvelle-Aquitaine,Tous risques,11,0,0
1113,45,Auvergne-Rhône-Alpes,Tiers,2,0,0
1114,32,Auvergne-Rhône-Alpes,Tiers,16,1,2581
1115,53,Auvergne-Rhône-Alpes,Tous risques,13,0,0
1116,29,Auvergne-Rhône-Alpes,Tous risques,17,0,0
1117,29,Provence-Alpes-Côte d'Azur,Tous risques,11,0,0
1118,63,Provence-Alpes-Côte d'Azur,Tous risques,12,2,11872
1119,70,Provence-Alpes-Côte d'Azur,Tous risques,18,0,0
1120,57,Provence-Alpes-Côte d'Azur,Tous risques,17,0,0
1121,38,Auvergne-Rhône-Alpes,Tiers,7,1,1698
1122,57,Auvergne-Rhône-Alpes,Tous risques,8,0,0
1123,23,Provence-Alpes-Côte d'Azur,Tous risques,7,2,2543
1124,49,Île-de-France,Tous risques,12,0,0
1125,47,Nouvelle-Aquitaine,Tous risques,19,0,0
1126,54,Île-de-France,Tiers,18,0,0
1127,74,Auvergne-Rhône-Alpes,Tiers,11,1,5427
1128,37,Bretagne,Tiers,3,2,3132
1129,59,Nouvelle-Aquitaine,Tiers,13,0,0
1130,62,Auvergne-Rhône-Alpes,Tous risques,5,2,2968
1131,28,Auvergne-Rhône-Alpes,Tous risques,2,2,4882
1132,35,Auvergne-Rhône-Alpes,Tous risques,11,1,3322
1133,22,Provence-Alpes-Côte d'Azur,Tous risques,4,0,0
1134,77,Bretagne,Tous risques,2,1,3419
1135,53,Auvergne-Rhône-Alpes,Tous risques,2,2,6042
1136,33,Nouvelle-Aquitaine,Tiers,6,1,3005
1137,73,Provence-Alpes-Côte d'Azur,Tiers,16,1,3323
1138,40,Île-de-France,Tiers,10,0,0
1139,41,Auvergne-Rhône-Alpes,Tiers,12,2,10015
1140,53,Bretagne,Tous risques,5,1,4983
1141,24,Île-de-France,Tous risques,17,0,0
1142,23,Île-de-France,Tous risques,15,0,0
1143,23,Provence-Alpes-Côte d'Azur,Tous risques,1,0,0
1144,41,Auvergne-Rhône-Alpes,Tiers,6,0,0
1145,57,Île-de-France,Tiers,5,0,0
1146,39,Bretagne,Tiers,19,0,0
1147,55,Provence-Alpes-Côte d'Azur,Tous risques,15,0,0
1148,74,Île-de-France,Tous risques,16,0,0
1149,50,Nouvelle-Aquitaine,Tous risques,18,0,0
1150,32,Île-de-France,Tiers,16,1,2676
1151,19,Île-de-France,Tous risques,17,1,5015
1152,27,Auvergne-Rhône-Alpes,Tous risques,14,1,5388
1153,59,Nouvelle-Aquitaine,Tiers,15,1,5618
1154,49,Nouvelle-Aquitaine,Tous risques,17,0,0
1155,40,Provence-Alpes-Côte d'Azur,Tous risques,13,1,1105
1156,19,Auvergne-Rhône-Alpes,Tiers,12,0,0
1157,76,Nouvelle-Aquitaine,Tiers,2,1,5346
1158,34,Bretagne,Tiers,14,0,0
1159,20,Île-de-France,Tiers,18,2,5152
1160,42,Île-de-France,Tous risques,3,2,10547
1161,67,Bretagne,Tous risques,2,2,10237
1162,18,Provence-Alpes-Côte d'Azur,Tiers,17,2,3489
1163,54,Bretagne,Tiers,4,1,4684
1164,30,Auvergne-Rhône-Alpes,Tiers,15,0,0
1165,39,Bretagne,Tous risques,4,0,0
1166,59,Île-de-France,Tiers,14,4,15213
1167,19,Provence-Alpes-Côte d'Azur,Tous risques,18,1,5074
1168,36,Nouvelle-Aquitaine,Tiers,15,2,11715
1169,52,Bretagne,Tous risques,7,1,5041
1170,52,Provence-Alpes-Côte d'Azur,Tous risques,12,2,9630
1171,27,Île-de-France,Tiers,7,0,0
1172,59,Auvergne-Rhône-Alpes,Tiers,19,1,2230
1173,78,Nouvelle-Aquitaine,Tous risques,10,3,13840
1174,22,Île-de-France,Tous risques,19,3,13348
1175,76,Auvergne-Rhône-Alpes,Tous risques,10,2,11773
1176,19,Provence-Alpes-Côte d'Azur,Tiers,6,1,4917
1177,50,Auvergne-Rhône-Alpes,Tous risques,3,1,1109
1178,41,Bretagne,Tiers,6,1,5991
1179,19,Bretagne,Tous risques,3,3,11346
1180,61,Auvergne-Rhône-Alpes,Tous risques,4,0,0
1181,44,Île-de-France,Tous risques,12,2,11169
1182,42,Île-de-France,Tous risques,3,0,0
1183,70,Auvergne-Rhône-Alpes,Tiers,14,2,8177
1184,59,Île-de-France,Tous risques,18,0,0
1185,79,Bretagne,Tiers,0,1,1311
1186,60,Nouvelle-Aquitaine,Tous risques,9,0,0
1187,26,Nouvelle-Aquitaine,Tous risques,8,1,5764
1188,28,Île-de-France,Tiers,13,0,0
1189,75,Auvergne-Rhône-Alpes,Tiers,12,0,0
1190,22,Provence-Alpes-Côte d'Azur,Tous risques,1,0,0
1191,27,Île-de-France,Tiers,6,3,5317
1192,26,Bretagne,Tous risques,8,0,0
1193,52,Île-de-France,Tiers,18,0,0
1194,31,Île-de-France,Tiers,16,1,2143
1195,25,Île-de-France,Tous risques,8,0,0
1196,23,Auvergne-Rhône-Alpes,Tous risques,18,3,3565
1197,22,Provence-Alpes-Côte d'Azur,Tiers,19,0,0
1198,57,Nouvelle-Aquitaine,Tiers,0,5,18290
1199,56,Bretagne,Tiers,11,0,0
1200,76,Auvergne-Rhône-Alpes,Tiers,10,0,0
1201,20,Auvergne-Rhône-Alpes,Tiers,0,1,1888
1202,35,Provence-Alpes-Côte d'Azur,Tous risques,0,0,0
1203,36,Île-de-France,Tous risques,17,0,0
1204,30,Provence-Alpes-Côte d'Azur,Tous risques,13,0,0
1205,26,Provence-Alpes-Côte d'Azur,Tiers,7,0,0
1206,44,Nouvelle-Aquitaine,Tiers,2,1,4588
1207,50,Île-de-France,Tiers,15,2,9793
1208,64,Auvergne-Rhône-Alpes,Tiers,4,1,5160
1209,24,Auvergne-Rhône-Alpes,Tous risques,15,1,1423
1210,23,Nouvelle-Aquitaine,Tiers,15,1,5838
1211,63,Provence-Alpes-Côte d'Azur,Tiers,7,1,4993
1212,69,Île-de-France,Tiers,16,2,6524
1213,40,Île-de-France,Tous risques,5,1,5465
1214,32,Île-de-France,Tiers,6,2,5625
1215,35,Auvergne-Rhône-Alpes,Tous risques,7,1,5624
1216,44,Nouvelle-Aquitaine,Tous risques,7,2,9244
1217,38,Auvergne-Rhône-Alpes,Tiers,7,0,0
1218,42,Auvergne-Rhône-Alpes,Tous risques,11,1,5218
1219,78,Bretagne,Tous risques,2,2,10833
1220,72,Provence-Alpes-Côte d'Azur,Tiers,16,2,3731
1221,56,Nouvelle-Aquitaine,Tiers,19,1,4388
1222,72,Provence-Alpes-Côte d'Azur,Tiers,12,3,12314
1223,29,Île-de-France,Tous risques,14,2,3990
1224,69,Auvergne-Rhône-Alpes,Tiers,10,3,5256
1225,41,Auvergne-Rhône-Alpes,Tous risques,13,1,1705
1226,43,Bretagne,Tiers,0,2,11486
1227,70,Provence-Alpes-Côte d'Azur,Tous risques,13,0,0
1228,64,Nouvelle-Aquitaine,Tous risques,1,1,4817
1229,41,Bretagne,Tiers,1,3,12168
1230,18,Nouvelle-Aquitaine,Tiers,4,2,6495
1231,21,Nouvelle-Aquitaine,Tiers,11,1,2994
1232,65,Auvergne-Rhône-Alpes,Tiers,4,1,4913
1233,37,Nouvelle-Aquitaine,Tiers,1,0,0
1234,35,Provence-Alpes-Côte d'Azur,Tous risques,10,0,0
1235,69,Île-de-France,Tiers,12,2,7175
1236,53,Bretagne,Tous risques,17,0,0
1237,28,Nouvelle-Aquitaine,Tiers,17,1,2797
1238,26,Auvergne-Rhône-Alpes,Tous risques,15,2,10176
1239,36,Provence-Alpes-Côte d'Azur,Tiers,3,0,0
1240,57,Bretagne,Tous risques,9,0,0
1241,65,Nouvelle-Aquitaine,Tiers,17,1,4244
1242,44,Provence-Alpes-Côte d'Azur,Tous risques,17,1,2917
1243,46,Bretagne,Tiers,11,0,0
1244,77,Provence-Alpes-Côte d'Azur,Tous risques,2,1,5081
1245,51,Nouvelle-Aquitaine,Tous risques,18,0,0
1246,72,Nouvelle-Aquitaine,Tiers,8,1,3534
1247,78,Bretagne,Tiers,13,1,1120
1248,67,Nouvelle-Aquitaine,Tiers,10,0,0
1249,64,Île-de-France,Tous risques,8,1,2114
1250,27,Île-de-France,Tiers,15,3,16051
1251,34,Auvergne-Rhône-Alpes,Tiers,19,0,0
1252,34,Auvergne-Rhône-Alpes,Tiers,5,0,0
1253,62,Nouvelle-Aquitaine,Tous risques,0,0,0
1254,68,Provence-Alpes-Côte d'Azur,Tous risques,8,4,17190
1255,43,Nouvelle-Aquitaine,Tiers,13,3,17265
1256,43,Nouvelle-Aquitaine,Tiers,4,0,0
1257,75,Bretagne,Tiers,13,0,0
1258,24,Auvergne-Rhône-Alpes,Tous risques,2,0,0
1259,75,Nouvelle-Aquitaine,Tiers,11,1,4376
1260,19,Bretagne,Tous risques,4,1,4612
1261,53,Provence-Alpes-Côte d'Azur,Tous risques,3,3,17486
1262,36,Bretagne,Tiers,8,1,5143
1263,34,Île-de-France,Tiers,11,0,0
1264,38,Auvergne-Rhône-Alpes,Tous risques,17,1,5467
1265,41,Auvergne-Rhône-Alpes,Tous risques,14,1,5005
1266,26,Île-de-France,Tiers,12,4,9837
1267,58,Île-de-France,Tous risques,15,0,0
1268,41,Nouvelle-Aquitaine,Tous risques,3,4,22933
1269,53,Île-de-France,Tous risques,9,1,1168
1270,18,Île-de-France,Tiers,3,1,2070
1271,41,Bretagne,Tiers,19,2,4194
1272,60,Provence-Alpes-Côte d'Azur,Tous risques,17,0,0
1273,67,Île-de-France,Tiers,5,1,3113
1274,51,Auvergne-Rhône-Alpes,Tiers,10,1,4387
1275,50,Bretagne,Tous risques,11,0,0
1276,32,Nouvelle-Aquitaine,Tiers,17,1,5814
1277,35,Auvergne-Rhône-Alpes,Tous risques,9,0,0
1278,26,Auvergne-Rhône-Alpes,Tiers,8,2,7393
1279,64,Bretagne,Tiers,8,1,1611
1280,77,Bretagne,Tiers,18,1,2406
1281,47,Île-de-France,Tiers,2,1,1372
1282,75,Nouvelle-Aquitaine,Tiers,6,0,0
1283,42,Auvergne-Rhône-Alpes,Tous risques,18,1,1500
1284,25,Auvergne-Rhône-Alpes,Tiers,19,3,5895
1285,73,Bretagne,Tiers,18,3,5383
1286,61,Provence-Alpes-Côte d'Azur,Tous risques,16,1,2040
1287,21,Bretagne,Tous risques,9,1,2887
1288,48,Île-de-France,Tiers,10,2,9520
1289,70,Nouvelle-Aquitaine,Tous risques,10,0,0
1290,49,Bretagne,Tiers,9,1,4362
1291,45,Île-de-France,Tiers,1,1,5696
1292,24,Provence-Alpes-Côte d'Azur,Tiers,13,1,4971
1293,32,Nouvelle-Aquitaine,Tous risques,13,2,6024
1294,77,Bretagne,Tiers,16,3,7040
1295,38,Bretagne,Tous risques,17,2,5361
1296,55,Auvergne-Rhône-Alpes,Tous risques,16,2,11672
1297,44,Bretagne,Tiers,5,0,0
1298,21,Nouvelle-Aquitaine,Tiers,12,1,3046
1299,38,Provence-Alpes-Côte d'Azur,Tous risques,1,2,8937
1300,58,Île-de-France,Tous risques,3,0,0
1301,18,Bretagne,Tiers,5,0,0
1302,27,Île-de-France,Tous risques,3,3,6386
1303,38,Provence-Alpes-Côte d'Azur,Tous risques,0,1,1725
1304,60,Île-de-France,Tous risques,2,0,0
1305,29,Auvergne-Rhône-Alpes,Tiers,12,0,0
1306,38,Auvergne-Rhône-Alpes,Tous risques,14,0,0
1307,68,Auvergne-Rhône-Alpes,Tous risques,16,1,1927
1308,77,Auvergne-Rhône-Alpes,Tous risques,2,3,4313
1309,29,Auvergne-Rhône-Alpes,Tiers,9,0,0
1310,63,Provence-Alpes-Côte d'Azur,Tous risques,2,3,8390
1311,21,Nouvelle-Aquitaine,Tous risques,0,1,2275
1312,38,Provence-Alpes-Côte d'Azur,Tiers,18,1,3716
1313,54,Provence-Alpes-Côte d'Azur,Tiers,18,1,2102
1314,21,Bretagne,Tiers,18,2,11063
1315,44,Provence-Alpes-Côte d'Azur,Tous risques,16,1,4687
1316,36,Île-de-France,Tous risques,8,0,0
1317,73,Provence-Alpes-Côte d'Azur,Tiers,11,3,15269
1318,70,Île-de-France,Tous risques,6,0,0
1319,57,Auvergne-Rhône-Alpes,Tiers,5,1,3842
1320,37,Bretagne,Tiers,5,2,7058
1321,43,Provence-Alpes-Côte d'Azur,Tous risques,3,1,2874
1322,38,Île-de-France,Tiers,10,0,0
1323,69,Île-de-France,Tous risques,0,0,0
1324,45,Nouvelle-Aquitaine,Tiers,9,1,1855
1325,34,Nouvelle-Aquitaine,Tous risques,4,1,3325
1326,31,Île-de-France,Tiers,12,1,1941
1327,29,Nouvelle-Aquitaine,Tous risques,15,2,4775
1328,52,Île-de-France,Tous risques,11,0,0
1329,21,Nouvelle-Aquitaine,Tiers,7,1,1181
1330,38,Nouvelle-Aquitaine,Tous risques,13,3,5877
1331,25,Nouvelle-Aquitaine,Tous risques,4,0,0
1332,61,Bretagne,Tous risques,2,0,0
1333,24,Île-de-France,Tous risques,9,0,0
1334,22,Île-de-France,Tiers,10,1,5305
1335,74,Bretagne,Tous risques,15,2,5806
1336,56,Auvergne-Rhône-Alpes,Tiers,14,0,0
1337,75,Nouvelle-Aquitaine,Tiers,7,0,0
1338,68,Provence-Alpes-Côte d'Azur,Tiers,9,0,0
1339,47,Bretagne,Tiers,4,3,9363
1340,47,Nouvelle-Aquitaine,Tiers,18,0,0
1341,53,Nouvelle-Aquitaine,Tous risques,12,0,0
1342,18,Île-de-France,Tiers,16,0,0
1343,39,Nouvelle-Aquitaine,Tous risques,0,2,7107
1344,71,Bretagne,Tous risques,6,0,0
1345,18,Bretagne,Tiers,2,2,6493
1346,65,Île-de-France,Tiers,17,0,0
1347,39,Île-de-France,Tous risques,6,0,0
1348,76,Auvergne-Rhône-Alpes,Tiers,3,0,0
1349,37,Auvergne-Rhône-Alpes,Tous risques,16,1,3337
1350,42,Nouvelle-Aquitaine,Tiers,17,0,0
1351,66,Auvergne-Rhône-Alpes,Tiers,6,0,0
1352,51,Auvergne-Rhône-Alpes,Tous risques,19,1,5735
1353,32,Île-de-France,Tiers,5,0,0
1354,30,Provence-Alpes-Côte d'Azur,Tous risques,6,1,1873
1355,60,Auvergne-Rhône-Alpes,Tous risques,8,0,0
1356,57,Provence-Alpes-Côte d'Azur,Tous risques,12,1,1304
1357,56,Auvergne-Rhône-Alpes,Tiers,17,1,3071
1358,19,Auvergne-Rhône-Alpes,Tous risques,5,0,0
1359,38,Provence-Alpes-Côte d'Azur,Tous risques,0,1,2795
1360,63,Nouvelle-Aquitaine,Tiers,9,3,5903
1361,25,Nouvelle-Aquitaine,Tiers,11,0,0
1362,29,Nouvelle-Aquitaine,Tiers,18,2,3111
1363,32,Bretagne,Tous risques,7,1,2155
1364,78,Auvergne-Rhône-Alpes,Tous risques,4,1,2230
1365,37,Nouvelle-Aquitaine,Tous risques,0,1,3628
1366,53,Provence-Alpes-Côte d'Azur,Tiers,16,0,0
1367,40,Nouvelle-Aquitaine,Tiers,0,1,5430
1368,35,Bretagne,Tous risques,17,2,11697
1369,39,Île-de-France,Tiers,3,1,4753
1370,70,Provence-Alpes-Côte d'Azur,Tiers,0,0,0
1371,78,Nouvelle-Aquitaine,Tous risques,0,0,0
1372,25,Nouvelle-Aquitaine,Tiers,16,2,10828
1373,32,Provence-Alpes-Côte d'Azur,Tiers,16,1,2883
1374,77,Nouvelle-Aquitaine,Tous risques,4,0,0
1375,32,Auvergne-Rhône-Alpes,Tiers,3,1,1163
1376,57,Bretagne,Tous risques,3,2,8966
1377,24,Bretagne,Tiers,12,1,4569
1378,48,Nouvelle-Aquitaine,Tous risques,15,0,0
1379,56,Bretagne,Tous risques,1,1,1210
1380,60,Provence-Alpes-Côte d'Azur,Tous risques,8,0,0
1381,62,Bretagne,Tiers,9,3,6368
1382,55,Auvergne-Rhône-Alpes,Tiers,4,0,0
1383,25,Nouvelle-Aquitaine,Tiers,8,0,0
1384,32,Île-de-France,Tous risques,3,0,0
1385,41,Provence-Alpes-Côte d'Azur,Tiers,11,0,0
1386,56,Auvergne-Rhône-Alpes,Tiers,6,1,1437
1387,54,Île-de-France,Tous risques,2,0,0
1388,31,Bretagne,Tous risques,7,0,0
1389,33,Nouvelle-Aquitaine,Tous risques,2,1,5442
1390,45,Bretagne,Tiers,7,1,1230
1391,24,Provence-Alpes-Côte d'Azur,Tiers,9,2,5948
1392,27,Provence-Alpes-Côte d'Azur,Tous risques,14,0,0
1393,25,Bretagne,Tous risques,13,1,1692
1394,65,Provence-Alpes-Côte d'Azur,Tous risques,14,1,4342
1395,56,Bretagne,Tous risques,17,3,5503
1396,58,Nouvelle-Aquitaine,Tiers,16,1,5223
1397,18,Nouvelle-Aquitaine,Tiers,14,0,0
1398,38,Provence-Alpes-Côte d'Azur,Tous risques,4,2,6972
1399,72,Provence-Alpes-Côte d'Azur,Tous risques,16,0,0
1400,24,Île-de-France,Tous risques,5,2,7651
1401,50,Île-de-France,Tiers,3,1,5620
1402,63,Auvergne-Rhône-Alpes,Tiers,5,1,4410
1403,49,Provence-Alpes-Côte d'Azur,Tiers,14,0,0
1404,35,Bretagne,Tous risques,8,1,4979
1405,57,Bretagne,Tous risques,3,2,9471
1406,73,Bretagne,Tous risques,0,1,5995
1407,38,Nouvelle-Aquitaine,Tiers,8,2,11900
1408,73,Bretagne,Tiers,15,1,3160
1409,52,Provence-Alpes-Côte d'Azur,Tiers,11,1,3896
1410,70,Provence-Alpes-Côte d'Azur,Tous risques,19,0,0
1411,60,Bretagne,Tiers,16,2,4019
1412,63,Provence-Alpes-Côte d'Azur,Tous risques,8,3,5941
1413,58,Provence-Alpes-Côte d'Azur,Tous risques,11,1,3938
1414,71,Nouvelle-Aquitaine,Tiers,1,0,0
1415,54,Nouvelle-Aquitaine,Tiers,14,0,0
1416,66,Île-de-France,Tous risques,6,0,0
1417,39,Île-de-France,Tous risques,14,0,0
1418,42,Île-de-France,Tiers,1,0,0
1419,64,Nouvelle-Aquitaine,Tous risques,16,1,3742
1420,68,Nouvelle-Aquitaine,Tous risques,12,0,0
1421,37,Provence-Alpes-Côte d'Azur,Tiers,15,1,4739
1422,37,Bretagne,Tous risques,8,0,0
1423,20,Provence-Alpes-Côte d'Azur,Tous risques,14,1,5241
1424,75,Bretagne,Tous risques,10,2,9606
1425,19,Nouvelle-Aquitaine,Tiers,17,0,0
1426,26,Bretagne,Tiers,11,4,6920
1427,28,Île-de-France,Tiers,5,1,5256
1428,42,Bretagne,Tous risques,6,0,0
1429,76,Île-de-France,Tiers,11,0,0
1430,71,Bretagne,Tiers,9,5,11472
1431,38,Nouvelle-Aquitaine,Tiers,1,1,2389
1432,75,Bretagne,Tiers,1,1,1157
1433,79,Bretagne,Tous risques,2,0,0
1434,23,Auvergne-Rhône-Alpes,Tiers,8,2,8360
1435,48,Provence-Alpes-Côte d'Azur,Tous risques,16,1,1910
1436,52,Bretagne,Tiers,19,1,2235
1437,54,Île-de-France,Tous risques,18,2,6306
1438,71,Île-de-France,Tous risques,5,2,4060
1439,46,Bretagne,Tiers,2,1,3167
1440,58,Île-de-France,Tous risques,19,1,5675
1441,76,Nouvelle-Aquitaine,Tous risques,5,0,0
1442,47,Île-de-France,Tous risques,7,3,8655
1443,32,Île-de-France,Tiers,8,1,1739
1444,54,Provence-Alpes-Côte d'Azur,Tous risques,12,0,0
1445,64,Auvergne-Rhône-Alpes,Tiers,7,0,0
1446,66,Provence-Alpes-Côte d'Azur,Tous risques,10,0,0
1447,41,Île-de-France,Tous risques,4,2,7339
1448,35,Auvergne-Rhône-Alpes,Tous risques,14,1,2618
1449,40,Île-de-France,Tiers,10,0,0
1450,74,Bretagne,Tous risques,16,0,0
1451,22,Provence-Alpes-Côte d'Azur,Tous risques,4,0,0
1452,19,Nouvelle-Aquitaine,Tiers,14,2,6648
1453,26,Auvergne-Rhône-Alpes,Tous risques,4,1,3964
1454,66,Auvergne-Rhône-Alpes,Tiers,15,1,2988
1455,60,Bretagne,Tiers,6,2,4679
1456,18,Île-de-France,Tous risques,1,0,0
1457,61,Île-de-France,Tous risques,1,0,0
1458,34,Auvergne-Rhône-Alpes,Tiers,18,0,0
1459,50,Auvergne-Rhône-Alpes,Tous risques,15,2,8960
1460,55,Provence-Alpes-Côte d'Azur,Tous risques,9,0,0
1461,19,Nouvelle-Aquitaine,Tous risques,18,0,0
1462,36,Île-de-France,Tous risques,13,0,0
1463,39,Auvergne-Rhône-Alpes,Tous risques,9,2,8454
1464,67,Île-de-France,Tiers,3,1,4115
1465,30,Provence-Alpes-Côte d'Azur,Tous risques,9,1,4753
1466,60,Provence-Alpes-Côte d'Azur,Tous risques,10,2,4918
1467,27,Auvergne-Rhône-Alpes,Tiers,5,3,17954
1468,74,Île-de-France,Tous risques,14,3,14966
1469,19,Provence-Alpes-Côte d'Azur,Tiers,4,0,0
1470,67,Provence-Alpes-Côte d'Azur,Tiers,12,0,0
1471,61,Provence-Alpes-Côte d'Azur,Tous risques,16,0,0
1472,64,Bretagne,Tiers,18,1,4162
1473,72,Auvergne-Rhône-Alpes,Tous risques,5,1,5815
1474,19,Provence-Alpes-Côte d'Azur,Tous risques,0,1,1630
1475,77,Bretagne,Tous risques,8,0,0
1476,43,Nouvelle-Aquitaine,Tiers,17,1,1908
1477,54,Auvergne-Rhône-Alpes,Tous risques,5,0,0
1478,35,Île-de-France,Tous risques,10,0,0
1479,52,Île-de-France,Tiers,0,1,3178
1480,54,Bretagne,Tous risques,19,1,4791
1481,55,Auvergne-Rhône-Alpes,Tiers,9,0,0
1482,32,Nouvelle-Aquitaine,Tiers,13,0,0
1483,39,Nouvelle-Aquitaine,Tiers,3,0,0
1484,32,Provence-Alpes-Côte d'Azur,Tous risques,14,0,0
1485,61,Nouvelle-Aquitaine,Tiers,4,0,0
1486,55,Île-de-France,Tiers,6,0,0
1487,24,Nouvelle-Aquitaine,Tiers,12,1,2776
1488,22,Nouvelle-Aquitaine,Tous risques,7,1,4905
1489,45,Auvergne-Rhône-Alpes,Tiers,13,0,0
1490,51,Auvergne-Rhône-Alpes,Tiers,18,1,4078
1491,33,Bretagne,Tiers,19,0,0
1492,60,Île-de-France,Tous risques,17,1,2109
1493,70,Île-de-France,Tiers,5,1,5098
1494,53,Provence-Alpes-Côte d'Azur,Tiers,19,2,8499
1495,61,Bretagne,Tous risques,17,1,1360
1496,35,Auvergne-Rhône-Alpes,Tous risques,13,0,0
1497,66,Bretagne,Tiers,14,5,6314
1498,68,Nouvelle-Aquitaine,Tous risques,14,2,3308
1499,62,Île-de-France,Tous risques,6,1,1634
1500,58,Bretagne,Tiers,13,1,1635
